GENE PRODUCT DB	GENE PRODUCT ID	SYMBOL	QUALIFIER	GO TERM	GO NAME	ECO ID	GO EVIDENCE CODE	REFERENCE	WITH/FROM	TAXON ID	ASSIGNED BY	ANNOTATION EXTENSION	GO ASPECT
UniProtKB	A2PYH4	HFM1	enables	GO:0003678	DNA helicase activity	ECO:0000318	IBA	GO_REF:0000033	PANTHER:PTN002772475|SGD:S000003220	9606	GO_Central		F
UniProtKB	A2PYH4	HFM1	enables	GO:0004386	helicase activity	ECO:0007322	IEA	GO_REF:0000043	UniProtKB-KW:KW-0347	9606	UniProt		F
UniProtKB	A8MPP1	DDX11L8	enables	GO:0003678	DNA helicase activity	ECO:0000256	IEA	GO_REF:0000002	InterPro:IPR006554|InterPro:IPR010614|InterPro:IPR013020	9606	InterPro		F
UniProtKB	A8MPP1	DDX11L8	enables	GO:0003678	DNA helicase activity	ECO:0000318	IBA	GO_REF:0000033	CGD:CAL0000192893|MGI:MGI:2139369|PANTHER:PTN000158192|SGD:S000000973|SGD:S000005929|UniProtKB:P18074|UniProtKB:P27296|UniProtKB:P76257|UniProtKB:Q8I2H7|UniProtKB:Q96FC9|UniProtKB:Q9BX63|UniProtKB:Q9NZ71	9606	GO_Central		F
UniProtKB	A8MPP1	DDX11L8	enables	GO:0003724	RNA helicase activity	ECO:0000501	IEA	GO_REF:0000003	EC:3.6.4.13	9606	UniProt		F
UniProtKB	A8MPP1	DDX11L8	enables	GO:0004386	helicase activity	ECO:0000501	IEA	GO_REF:0000120	InterPro:IPR006555|UniProtKB-KW:KW-0347	9606	UniProt		F
UniProtKB	O00148	DDX39A	enables	GO:0003724	RNA helicase activity	ECO:0000318	IBA	GO_REF:0000033	FB:FBgn0263231|FB:FBgn0283442|MGI:MGI:1353582|PANTHER:PTN002774595|PomBase:SPAC17G6.14c|RGD:619906|RGD:68381|SGD:S000002242|SGD:S000003046|SGD:S000005056|SGD:S000005572|SGD:S000005730|TAIR:locus:2084178|TAIR:locus:2147987|TAIR:locus:2167903|UniProtKB:O00571|UniProtKB:P17844|UniProtKB:P38919|UniProtKB:Q13838|UniProtKB:Q8IL13|UniProtKB:Q9NR30|UniProtKB:Q9UJV9|WB:WBGene00001598|WB:WBGene00001599|Xenbase:XB-GENE-999731	9606	GO_Central		F
UniProtKB	O00148	DDX39A	enables	GO:0003724	RNA helicase activity	ECO:0000501	IEA	GO_REF:0000120	InterPro:IPR014014|EC:3.6.4.13	9606	UniProt		F
UniProtKB	O00148	DDX39A	enables	GO:0004386	helicase activity	ECO:0007322	IEA	GO_REF:0000043	UniProtKB-KW:KW-0347	9606	UniProt		F
UniProtKB	O00571	DDX3X	enables	GO:0003678	DNA helicase activity	ECO:0000314	IDA	PMID:21589879		9606	UniProt		F
UniProtKB	O00571	DDX3X	enables	GO:0003724	RNA helicase activity	ECO:0000318	IBA	GO_REF:0000033	FB:FBgn0263231|FB:FBgn0283442|MGI:MGI:1353582|PANTHER:PTN002774595|PomBase:SPAC17G6.14c|RGD:619906|RGD:68381|SGD:S000002242|SGD:S000003046|SGD:S000005056|SGD:S000005572|SGD:S000005730|TAIR:locus:2084178|TAIR:locus:2147987|TAIR:locus:2167903|UniProtKB:O00571|UniProtKB:P17844|UniProtKB:P38919|UniProtKB:Q13838|UniProtKB:Q8IL13|UniProtKB:Q9NR30|UniProtKB:Q9UJV9|WB:WBGene00001598|WB:WBGene00001599|Xenbase:XB-GENE-999731	9606	GO_Central		F
UniProtKB	O00571	DDX3X	enables	GO:0003724	RNA helicase activity	ECO:0000501	IEA	GO_REF:0000120	InterPro:IPR014014|EC:3.6.4.13	9606	UniProt		F
UniProtKB	O00571	DDX3X	enables	GO:0003724	RNA helicase activity	ECO:0000314	IDA	PMID:21589879		9606	UniProt		F
UniProtKB	O00571	DDX3X	enables	GO:0003724	RNA helicase activity	ECO:0000314	IDA	PMID:31575075		9606	UniProt		F
UniProtKB	O00571	DDX3X	enables	GO:0003724	RNA helicase activity	ECO:0000304	TAS	PMID:9381176		9606	PINC		F
UniProtKB	O00571	DDX3X	enables	GO:0004386	helicase activity	ECO:0007322	IEA	GO_REF:0000043	UniProtKB-KW:KW-0347	9606	UniProt		F
UniProtKB	O14981	BTAF1	enables	GO:0004386	helicase activity	ECO:0007322	IEA	GO_REF:0000043	UniProtKB-KW:KW-0347	9606	UniProt		F
UniProtKB	O15523	DDX3Y	enables	GO:0003724	RNA helicase activity	ECO:0000318	IBA	GO_REF:0000033	FB:FBgn0263231|FB:FBgn0283442|MGI:MGI:1353582|PANTHER:PTN002774595|PomBase:SPAC17G6.14c|RGD:619906|RGD:68381|SGD:S000002242|SGD:S000003046|SGD:S000005056|SGD:S000005572|SGD:S000005730|TAIR:locus:2084178|TAIR:locus:2147987|TAIR:locus:2167903|UniProtKB:O00571|UniProtKB:P17844|UniProtKB:P38919|UniProtKB:Q13838|UniProtKB:Q8IL13|UniProtKB:Q9NR30|UniProtKB:Q9UJV9|WB:WBGene00001598|WB:WBGene00001599|Xenbase:XB-GENE-999731	9606	GO_Central		F
UniProtKB	O15523	DDX3Y	enables	GO:0003724	RNA helicase activity	ECO:0000501	IEA	GO_REF:0000120	InterPro:IPR014014|EC:3.6.4.13	9606	UniProt		F
UniProtKB	O15523	DDX3Y	enables	GO:0004386	helicase activity	ECO:0007322	IEA	GO_REF:0000043	UniProtKB-KW:KW-0347	9606	UniProt		F
UniProtKB	O43143	DHX15	enables	GO:0003724	RNA helicase activity	ECO:0000501	IEA	GO_REF:0000120	InterPro:IPR044756|EC:3.6.4.13	9606	UniProt		F
UniProtKB	O43143	DHX15	enables	GO:0003724	RNA helicase activity	ECO:0000314	IDA	PMID:32179686		9606	UniProt		F
UniProtKB	O43143	DHX15	enables	GO:0003724	RNA helicase activity	ECO:0000304	TAS	PMID:7935475		9606	PINC		F
UniProtKB	O43143	DHX15	enables	GO:0004386	helicase activity	ECO:0000318	IBA	GO_REF:0000033	FB:FBgn0002774|FB:FBgn0032883|MGI:MGI:1919412|MGI:MGI:1920081|MGI:MGI:2448561|PANTHER:PTN008360424|PomBase:SPBC1711.17|SGD:S000000815|SGD:S000001561|SGD:S000003088|SGD:S000004735|UniProtKB:O43143|UniProtKB:P43329|UniProtKB:Q08211|UniProtKB:Q28141|UniProtKB:Q581T1|UniProtKB:Q7L2E3|UniProtKB:Q9H2U1|UniProtKB:Q9H6S0	9606	GO_Central		F
UniProtKB	O43143	DHX15	enables	GO:0004386	helicase activity	ECO:0007322	IEA	GO_REF:0000043	UniProtKB-KW:KW-0347	9606	UniProt		F
UniProtKB	O60231	DHX16	enables	GO:0003724	RNA helicase activity	ECO:0000501	IEA	GO_REF:0000003	EC:3.6.4.13	9606	UniProt		F
UniProtKB	O60231	DHX16	enables	GO:0003724	RNA helicase activity	ECO:0000304	TAS	PMID:9547260		9606	PINC		F
UniProtKB	O60231	DHX16	enables	GO:0003724	RNA helicase activity	ECO:0000304	TAS	Reactome:R-HSA-9770131		9606	Reactome		F
UniProtKB	O60231	DHX16	enables	GO:0004386	helicase activity	ECO:0000318	IBA	GO_REF:0000033	FB:FBgn0002774|FB:FBgn0032883|MGI:MGI:1919412|MGI:MGI:1920081|MGI:MGI:2448561|PANTHER:PTN008360424|PomBase:SPBC1711.17|SGD:S000000815|SGD:S000001561|SGD:S000003088|SGD:S000004735|UniProtKB:O43143|UniProtKB:P43329|UniProtKB:Q08211|UniProtKB:Q28141|UniProtKB:Q581T1|UniProtKB:Q7L2E3|UniProtKB:Q9H2U1|UniProtKB:Q9H6S0	9606	GO_Central		F
UniProtKB	O60231	DHX16	enables	GO:0004386	helicase activity	ECO:0007322	IEA	GO_REF:0000043	UniProtKB-KW:KW-0347	9606	UniProt		F
UniProtKB	O60264	SMARCA5	enables	GO:0004386	helicase activity	ECO:0000256	IEA	GO_REF:0000117	ARBA:ARBA00026537	9606	UniProt		F
UniProtKB	O60264	SMARCA5	enables	GO:0004386	helicase activity	ECO:0000304	TAS	PMID:9730600		9606	PINC		F
UniProtKB	O60306	AQR	enables	GO:0003724	RNA helicase activity	ECO:0000501	IEA	GO_REF:0000003	EC:3.6.4.13	9606	UniProt		F
UniProtKB	O60306	AQR	enables	GO:0004386	helicase activity	ECO:0000501	IEA	GO_REF:0000120	InterPro:IPR041677|UniProtKB-KW:KW-0347	9606	UniProt		F
UniProtKB	O60306	AQR	enables	GO:0034458	3'-5' RNA helicase activity	ECO:0000314	IDA	PMID:25599396		9606	FlyBase		F
UniProtKB	O75417	POLQ	enables	GO:0003678	DNA helicase activity	ECO:0000501	IEA	GO_REF:0000120	ARBA:ARBA00029227|UniProtKB:Q8CGS6|ensembl:ENSMUSP00000059757	9606	UniProt		F
UniProtKB	O75417	POLQ	enables	GO:0003678	DNA helicase activity	ECO:0000314	IDA	PMID:36455556		9606	UniProt		F
UniProtKB	O75417	POLQ	enables	GO:0004386	helicase activity	ECO:0007322	IEA	GO_REF:0000043	UniProtKB-KW:KW-0347	9606	UniProt		F
UniProtKB	O75417	POLQ	enables	GO:0017116	single-stranded DNA helicase activity	ECO:0000314	IDA	PMID:14576298		9606	UniProt		F
UniProtKB	O75643	SNRNP200	enables	GO:0003724	RNA helicase activity	ECO:0000501	IEA	GO_REF:0000003	EC:3.6.4.13	9606	UniProt		F
UniProtKB	O75643	SNRNP200	enables	GO:0003724	RNA helicase activity	ECO:0000318	IBA	GO_REF:0000033	PANTHER:PTN002375518|SGD:S000000974|UniProtKB:O75643	9606	GO_Central		F
UniProtKB	O75643	SNRNP200	enables	GO:0003724	RNA helicase activity	ECO:0000314	IDA	PMID:23045696		9606	UniProt		F
UniProtKB	O75643	SNRNP200	enables	GO:0003724	RNA helicase activity	ECO:0000314	IDA	PMID:35241646		9606	UniProt		F
UniProtKB	O75643	SNRNP200	enables	GO:0003724	RNA helicase activity	ECO:0000304	TAS	Reactome:R-HSA-9770145		9606	Reactome		F
UniProtKB	O75643	SNRNP200	enables	GO:0004386	helicase activity	ECO:0000501	IEA	GO_REF:0000120	ARBA:ARBA00026537|UniProtKB-KW:KW-0347	9606	UniProt		F
UniProtKB	O75643	SNRNP200	enables	GO:0004386	helicase activity	ECO:0000314	IDA	PMID:9539711		9606	HGNC-UCL		F
UniProtKB	O94761	RECQL4	NOT|enables	GO:0043138	3'-5' DNA helicase activity	ECO:0000315	IMP	PMID:19177149		9606	GO_Central		F
UniProtKB	O94761	RECQL4	enables	GO:0004386	helicase activity	ECO:0000501	IEA	GO_REF:0000120	ARBA:ARBA00026537|InterPro:IPR004589|UniProtKB-KW:KW-0347	9606	UniProt		F
UniProtKB	O94761	RECQL4	enables	GO:0004386	helicase activity	ECO:0000304	TAS	PMID:22039056		9606	BHF-UCL	occurs_in(GO:0000781)	F
UniProtKB	O94761	RECQL4	enables	GO:0009378	four-way junction helicase activity	ECO:0000318	IBA	GO_REF:0000033	PANTHER:PTN000344873|TAIR:locus:2127998|TAIR:locus:2197555|UniProtKB:P54132|UniProtKB:Q14191	9606	GO_Central		F
UniProtKB	O94762	RECQL5	enables	GO:0003678	DNA helicase activity	ECO:0000303	NAS	PMID:10710432		9606	UniProt		F
UniProtKB	O94762	RECQL5	enables	GO:0003678	DNA helicase activity	ECO:0000314	IDA	PMID:22013166		9606	UniProt		F
UniProtKB	O94762	RECQL5	enables	GO:0003678	DNA helicase activity	ECO:0000304	TAS	PMID:9878247		9606	PINC		F
UniProtKB	O94762	RECQL5	enables	GO:0004386	helicase activity	ECO:0000501	IEA	GO_REF:0000120	ARBA:ARBA00026537|InterPro:IPR004589|UniProtKB-KW:KW-0347	9606	UniProt		F
UniProtKB	O94762	RECQL5	enables	GO:0004386	helicase activity	ECO:0000314	IDA	PMID:18003859		9606	UniProt	occurs_in(GO:0005657),has_input(CHEBI:15377),has_input(CHEBI:15422),has_output(CHEBI:16761),has_output(CHEBI:26020),directly_negatively_regulates(GO:0003697)	F
UniProtKB	O94762	RECQL5	enables	GO:0009378	four-way junction helicase activity	ECO:0000318	IBA	GO_REF:0000033	PANTHER:PTN000344873|TAIR:locus:2127998|TAIR:locus:2197555|UniProtKB:P54132|UniProtKB:Q14191	9606	GO_Central		F
UniProtKB	O94762	RECQL5	enables	GO:0043138	3'-5' DNA helicase activity	ECO:0000318	IBA	GO_REF:0000033	FB:FBgn0002906|FB:FBgn0040290|MGI:MGI:1328362|PANTHER:PTN000344873|PomBase:SPAC2G11.12|SGD:S000004802|TAIR:locus:2180255|TAIR:locus:2197394|TAIR:locus:2197555|UniProtKB:O34748|UniProtKB:P15043|UniProtKB:P46063|UniProtKB:P54132|UniProtKB:Q14191|UniProtKB:Q8I2W7|WB:WBGene00001865|WB:WBGene00006944	9606	GO_Central		F
UniProtKB	O95786	RIGI	enables	GO:0003724	RNA helicase activity	ECO:0000501	IEA	GO_REF:0000003	EC:3.6.4.13	9606	UniProt		F
UniProtKB	O95786	RIGI	enables	GO:0003724	RNA helicase activity	ECO:0000315	IMP	PMID:19211564		9606	UniProt		F
UniProtKB	O95786	RIGI	enables	GO:0004386	helicase activity	ECO:0007322	IEA	GO_REF:0000043	UniProtKB-KW:KW-0347	9606	UniProt		F
UniProtKB	P0CG13	CHTF8	contributes_to	GO:0017116	single-stranded DNA helicase activity	ECO:0000314	IDA	PMID:12930902		9606	UniProt		F
UniProtKB	P12956	XRCC6	enables	GO:0003678	DNA helicase activity	ECO:0000256	IEA	GO_REF:0000002	InterPro:IPR005160	9606	InterPro		F
UniProtKB	P12956	XRCC6	enables	GO:0003678	DNA helicase activity	ECO:0000304	TAS	PMID:7957065		9606	PINC		F
UniProtKB	P12956	XRCC6	enables	GO:0003678	DNA helicase activity	ECO:0000314	IDA	PMID:9368068		9606	FlyBase		F
UniProtKB	P12956	XRCC6	enables	GO:0004386	helicase activity	ECO:0007322	IEA	GO_REF:0000043	UniProtKB-KW:KW-0347	9606	UniProt		F
UniProtKB	P13010	XRCC5	enables	GO:0003678	DNA helicase activity	ECO:0000256	IEA	GO_REF:0000002	InterPro:IPR005160	9606	InterPro		F
UniProtKB	P13010	XRCC5	enables	GO:0003678	DNA helicase activity	ECO:0000304	TAS	PMID:7957065		9606	PINC		F
UniProtKB	P13010	XRCC5	enables	GO:0004386	helicase activity	ECO:0007322	IEA	GO_REF:0000043	UniProtKB-KW:KW-0347	9606	UniProt		F
UniProtKB	P17844	DDX5	enables	GO:0003724	RNA helicase activity	ECO:0000318	IBA	GO_REF:0000033	FB:FBgn0263231|FB:FBgn0283442|MGI:MGI:1353582|PANTHER:PTN002774595|PomBase:SPAC17G6.14c|RGD:619906|RGD:68381|SGD:S000002242|SGD:S000003046|SGD:S000005056|SGD:S000005572|SGD:S000005730|TAIR:locus:2084178|TAIR:locus:2147987|TAIR:locus:2167903|UniProtKB:O00571|UniProtKB:P17844|UniProtKB:P38919|UniProtKB:Q13838|UniProtKB:Q8IL13|UniProtKB:Q9NR30|UniProtKB:Q9UJV9|WB:WBGene00001598|WB:WBGene00001599|Xenbase:XB-GENE-999731	9606	GO_Central		F
UniProtKB	P17844	DDX5	enables	GO:0003724	RNA helicase activity	ECO:0000501	IEA	GO_REF:0000120	UniProtKB:A0A8I5ZKV9|ensembl:ENSRNOP00000079189|UniProtKB:A0A8I6G4Y3|ensembl:ENSRNOP00000079189|InterPro:IPR014014|EC:3.6.4.13	9606	UniProt		F
UniProtKB	P17844	DDX5	enables	GO:0003724	RNA helicase activity	ECO:0000303	NAS	PMID:1996094		9606	UniProt		F
UniProtKB	P17844	DDX5	enables	GO:0003724	RNA helicase activity	ECO:0000315	IMP	PMID:21343338		9606	UniProt		F
UniProtKB	P17844	DDX5	enables	GO:0004386	helicase activity	ECO:0007322	IEA	GO_REF:0000043	UniProtKB-KW:KW-0347	9606	UniProt		F
UniProtKB	P18074	ERCC2	enables	GO:0003678	DNA helicase activity	ECO:0000256	IEA	GO_REF:0000002	InterPro:IPR001945|InterPro:IPR006554|InterPro:IPR010614|InterPro:IPR013020	9606	InterPro		F
UniProtKB	P18074	ERCC2	enables	GO:0003678	DNA helicase activity	ECO:0000318	IBA	GO_REF:0000033	CGD:CAL0000192893|MGI:MGI:2139369|PANTHER:PTN000158192|SGD:S000000973|SGD:S000005929|UniProtKB:P18074|UniProtKB:P27296|UniProtKB:P76257|UniProtKB:Q8I2H7|UniProtKB:Q96FC9|UniProtKB:Q9BX63|UniProtKB:Q9NZ71	9606	GO_Central		F
UniProtKB	P18074	ERCC2	enables	GO:0004386	helicase activity	ECO:0000501	IEA	GO_REF:0000120	InterPro:IPR006555|UniProtKB-KW:KW-0347	9606	UniProt		F
UniProtKB	P18074	ERCC2	enables	GO:0043139	5'-3' DNA helicase activity	ECO:0000314	IDA	PMID:11445587		9606	UniProt		F
UniProtKB	P18074	ERCC2	enables	GO:0043139	5'-3' DNA helicase activity	ECO:0000314	IDA	PMID:8663148		9606	UniProt		F
UniProtKB	P18074	ERCC2	enables	GO:0043139	5'-3' DNA helicase activity	ECO:0000304	TAS	Reactome:R-HSA-6782131		9606	Reactome		F
UniProtKB	P19447	ERCC3	enables	GO:0003678	DNA helicase activity	ECO:0000256	IEA	GO_REF:0000002	InterPro:IPR001161	9606	InterPro		F
UniProtKB	P19447	ERCC3	enables	GO:0004386	helicase activity	ECO:0007322	IEA	GO_REF:0000043	UniProtKB-KW:KW-0347	9606	UniProt		F
UniProtKB	P19447	ERCC3	enables	GO:0043138	3'-5' DNA helicase activity	ECO:0000318	IBA	GO_REF:0000033	PANTHER:PTN000138598|UniProtKB:P19447	9606	GO_Central		F
UniProtKB	P19447	ERCC3	enables	GO:0043138	3'-5' DNA helicase activity	ECO:0000314	IDA	PMID:17466626		9606	UniProt		F
UniProtKB	P19447	ERCC3	enables	GO:0043138	3'-5' DNA helicase activity	ECO:0000315	IMP	PMID:8663148		9606	UniProt		F
UniProtKB	P19447	ERCC3	enables	GO:0043138	3'-5' DNA helicase activity	ECO:0000304	TAS	Reactome:R-HSA-75949		9606	Reactome		F
UniProtKB	P19447	ERCC3	enables	GO:0043138	3'-5' DNA helicase activity	ECO:0000304	TAS	Reactome:R-HSA-9613494		9606	Reactome		F
UniProtKB	P19447	ERCC3	enables	GO:0043138	3'-5' DNA helicase activity	ECO:0000304	TAS	Reactome:R-HSA-9613497		9606	Reactome		F
UniProtKB	P19447	ERCC3	enables	GO:0043138	3'-5' DNA helicase activity	ECO:0000304	TAS	Reactome:R-HSA-9684118		9606	Reactome		F
UniProtKB	P25205	MCM3	contributes_to	GO:0017116	single-stranded DNA helicase activity	ECO:0000318	IBA	GO_REF:0000033	PANTHER:PTN000179711|PomBase:SPBC211.04c|PomBase:SPBC25D12.03c|PomBase:SPCC16A11.17|SGD:S000000119|SGD:S000000406|SGD:S000000758|SGD:S000003169|SGD:S000004264|SGD:S000006223	9606	GO_Central		F
UniProtKB	P25205	MCM3	enables	GO:0004386	helicase activity	ECO:0007322	IEA	GO_REF:0000043	UniProtKB-KW:KW-0347	9606	UniProt		F
UniProtKB	P26196	DDX6	enables	GO:0003724	RNA helicase activity	ECO:0000501	IEA	GO_REF:0000120	InterPro:IPR014014|EC:3.6.4.13	9606	UniProt		F
UniProtKB	P26196	DDX6	enables	GO:0003724	RNA helicase activity	ECO:0000304	TAS	PMID:1579499		9606	PINC		F
UniProtKB	P26196	DDX6	enables	GO:0004386	helicase activity	ECO:0007322	IEA	GO_REF:0000043	UniProtKB-KW:KW-0347	9606	UniProt		F
UniProtKB	P26196	DDX6	enables	GO:0004386	helicase activity	ECO:0000304	TAS	PMID:1394235		9606	PINC		F
UniProtKB	P26196	DDX6	enables	GO:0004386	helicase activity	ECO:0000304	TAS	PMID:1579499		9606	PINC		F
UniProtKB	P28370	SMARCA1	enables	GO:0004386	helicase activity	ECO:0000256	IEA	GO_REF:0000117	ARBA:ARBA00026537	9606	UniProt		F
UniProtKB	P28370	SMARCA1	enables	GO:0004386	helicase activity	ECO:0000304	TAS	PMID:1408766		9606	PINC		F
UniProtKB	P33991	MCM4	contributes_to	GO:0003678	DNA helicase activity	ECO:0000314	IDA	PMID:25661590		9606	UniProt		F
UniProtKB	P33991	MCM4	contributes_to	GO:0003678	DNA helicase activity	ECO:0000314	IDA	PMID:9305914		9606	UniProt		F
UniProtKB	P33991	MCM4	contributes_to	GO:0017116	single-stranded DNA helicase activity	ECO:0000318	IBA	GO_REF:0000033	PANTHER:PTN000179711|PomBase:SPBC211.04c|PomBase:SPBC25D12.03c|PomBase:SPCC16A11.17|SGD:S000000119|SGD:S000000406|SGD:S000000758|SGD:S000003169|SGD:S000004264|SGD:S000006223	9606	GO_Central		F
UniProtKB	P33991	MCM4	enables	GO:0003678	DNA helicase activity	ECO:0000501	IEA	GO_REF:0000120	UniProtKB:P49717|ensembl:ENSMUSP00000023353|InterPro:IPR008047	9606	UniProt		F
UniProtKB	P33991	MCM4	enables	GO:0004386	helicase activity	ECO:0007322	IEA	GO_REF:0000043	UniProtKB-KW:KW-0347	9606	UniProt		F
UniProtKB	P33992	MCM5	contributes_to	GO:0017116	single-stranded DNA helicase activity	ECO:0000318	IBA	GO_REF:0000033	PANTHER:PTN000179711|PomBase:SPBC211.04c|PomBase:SPBC25D12.03c|PomBase:SPCC16A11.17|SGD:S000000119|SGD:S000000406|SGD:S000000758|SGD:S000003169|SGD:S000004264|SGD:S000006223	9606	GO_Central		F
UniProtKB	P33992	MCM5	contributes_to	GO:0043138	3'-5' DNA helicase activity	ECO:0000318	IBA	GO_REF:0000033	FB:FBgn0017577|PANTHER:PTN000180161	9606	GO_Central		F
UniProtKB	P33992	MCM5	enables	GO:0004386	helicase activity	ECO:0007322	IEA	GO_REF:0000043	UniProtKB-KW:KW-0347	9606	UniProt		F
UniProtKB	P33993	MCM7	contributes_to	GO:0003678	DNA helicase activity	ECO:0000314	IDA	PMID:25661590		9606	UniProt		F
UniProtKB	P33993	MCM7	contributes_to	GO:0003678	DNA helicase activity	ECO:0000314	IDA	PMID:9305914		9606	UniProt		F
UniProtKB	P33993	MCM7	contributes_to	GO:0017116	single-stranded DNA helicase activity	ECO:0000318	IBA	GO_REF:0000033	PANTHER:PTN000179711|PomBase:SPBC211.04c|PomBase:SPBC25D12.03c|PomBase:SPCC16A11.17|SGD:S000000119|SGD:S000000406|SGD:S000000758|SGD:S000003169|SGD:S000004264|SGD:S000006223	9606	GO_Central		F
UniProtKB	P33993	MCM7	enables	GO:0003678	DNA helicase activity	ECO:0000501	IEA	GO_REF:0000120	UniProtKB:Q61881|ensembl:ENSMUSP00000000505|InterPro:IPR008050	9606	UniProt		F
UniProtKB	P33993	MCM7	enables	GO:0004386	helicase activity	ECO:0007322	IEA	GO_REF:0000043	UniProtKB-KW:KW-0347	9606	UniProt		F
UniProtKB	P35249	RFC4	contributes_to	GO:0017116	single-stranded DNA helicase activity	ECO:0000314	IDA	PMID:12930902		9606	UniProt		F
UniProtKB	P35250	RFC2	contributes_to	GO:0017116	single-stranded DNA helicase activity	ECO:0000314	IDA	PMID:12930902		9606	UniProt		F
UniProtKB	P38919	EIF4A3	enables	GO:0003724	RNA helicase activity	ECO:0000318	IBA	GO_REF:0000033	FB:FBgn0263231|FB:FBgn0283442|MGI:MGI:1353582|PANTHER:PTN002774595|PomBase:SPAC17G6.14c|RGD:619906|RGD:68381|SGD:S000002242|SGD:S000003046|SGD:S000005056|SGD:S000005572|SGD:S000005730|TAIR:locus:2084178|TAIR:locus:2147987|TAIR:locus:2167903|UniProtKB:O00571|UniProtKB:P17844|UniProtKB:P38919|UniProtKB:Q13838|UniProtKB:Q8IL13|UniProtKB:Q9NR30|UniProtKB:Q9UJV9|WB:WBGene00001598|WB:WBGene00001599|Xenbase:XB-GENE-999731	9606	GO_Central		F
UniProtKB	P38919	EIF4A3	enables	GO:0003724	RNA helicase activity	ECO:0000501	IEA	GO_REF:0000120	InterPro:IPR014014|EC:3.6.4.13	9606	UniProt		F
UniProtKB	P38919	EIF4A3	enables	GO:0003724	RNA helicase activity	ECO:0000314	IDA	PMID:10523622		9606	HGNC-UCL		F
UniProtKB	P38919	EIF4A3	enables	GO:0004386	helicase activity	ECO:0000501	IEA	GO_REF:0000120	ARBA:ARBA00026537|UniProtKB-KW:KW-0347	9606	UniProt		F
UniProtKB	P38935	IGHMBP2	enables	GO:0003678	DNA helicase activity	ECO:0000304	TAS	PMID:8349627		9606	PINC		F
UniProtKB	P38935	IGHMBP2	enables	GO:0003724	RNA helicase activity	ECO:0000501	IEA	GO_REF:0000003	EC:3.6.4.13	9606	UniProt		F
UniProtKB	P38935	IGHMBP2	enables	GO:0004386	helicase activity	ECO:0000501	IEA	GO_REF:0000120	InterPro:IPR041677|UniProtKB-KW:KW-0347	9606	UniProt		F
UniProtKB	P38935	IGHMBP2	enables	GO:0032574	5'-3' RNA helicase activity	ECO:0000314	IDA	PMID:19158098		9606	UniProt		F
UniProtKB	P38935	IGHMBP2	enables	GO:0036121	double-stranded DNA helicase activity	ECO:0000314	IDA	PMID:30218034		9606	UniProt		F
UniProtKB	P38935	IGHMBP2	enables	GO:0043139	5'-3' DNA helicase activity	ECO:0000318	IBA	GO_REF:0000033	PANTHER:PTN002465187|SGD:S000001500|UniProtKB:P38935	9606	GO_Central		F
UniProtKB	P38935	IGHMBP2	enables	GO:0043139	5'-3' DNA helicase activity	ECO:0000314	IDA	PMID:19158098		9606	UniProt		F
UniProtKB	P40937	RFC5	contributes_to	GO:0017116	single-stranded DNA helicase activity	ECO:0000314	IDA	PMID:12930902		9606	UniProt		F
UniProtKB	P40938	RFC3	contributes_to	GO:0017116	single-stranded DNA helicase activity	ECO:0000314	IDA	PMID:12930902		9606	UniProt		F
UniProtKB	P42285	MTREX	enables	GO:0003724	RNA helicase activity	ECO:0000318	IBA	GO_REF:0000033	PANTHER:PTN004337428|PomBase:SPAC6F12.16c|SGD:S000003586|TAIR:locus:2075566|UniProtKB:P42285|UniProtKB:Q15477	9606	GO_Central		F
UniProtKB	P42285	MTREX	enables	GO:0003724	RNA helicase activity	ECO:0000501	IEA	GO_REF:0000120	InterPro:IPR016438|EC:3.6.4.13	9606	UniProt		F
UniProtKB	P42285	MTREX	enables	GO:0003724	RNA helicase activity	ECO:0000314	IDA	PMID:29844170		9606	UniProt		F
UniProtKB	P42285	MTREX	enables	GO:0003724	RNA helicase activity	ECO:0000314	IDA	PMID:29906447		9606	UniProt		F
UniProtKB	P42285	MTREX	enables	GO:0004386	helicase activity	ECO:0007322	IEA	GO_REF:0000043	UniProtKB-KW:KW-0347	9606	UniProt		F
UniProtKB	P42694	HELZ	enables	GO:0004386	helicase activity	ECO:0000501	IEA	GO_REF:0000120	InterPro:IPR041677|UniProtKB-KW:KW-0347	9606	UniProt		F
UniProtKB	P46063	RECQL	enables	GO:0003678	DNA helicase activity	ECO:0000314	IDA	PMID:11562355		9606	UniProt		F
UniProtKB	P46063	RECQL	enables	GO:0003678	DNA helicase activity	ECO:0000304	TAS	PMID:7527136		9606	PINC		F
UniProtKB	P46063	RECQL	enables	GO:0003678	DNA helicase activity	ECO:0000304	TAS	PMID:7961977		9606	PINC		F
UniProtKB	P46063	RECQL	enables	GO:0004386	helicase activity	ECO:0000501	IEA	GO_REF:0000120	InterPro:IPR004589|UniProtKB-KW:KW-0347	9606	UniProt		F
UniProtKB	P46063	RECQL	enables	GO:0009378	four-way junction helicase activity	ECO:0000318	IBA	GO_REF:0000033	PANTHER:PTN000344873|TAIR:locus:2127998|TAIR:locus:2197555|UniProtKB:P54132|UniProtKB:Q14191	9606	GO_Central		F
UniProtKB	P46063	RECQL	enables	GO:0036121	double-stranded DNA helicase activity	ECO:0000314	IDA	PMID:35025765		9606	UniProt		F
UniProtKB	P46063	RECQL	enables	GO:0043138	3'-5' DNA helicase activity	ECO:0000318	IBA	GO_REF:0000033	FB:FBgn0002906|FB:FBgn0040290|MGI:MGI:1328362|PANTHER:PTN000344873|PomBase:SPAC2G11.12|SGD:S000004802|TAIR:locus:2180255|TAIR:locus:2197394|TAIR:locus:2197555|UniProtKB:O34748|UniProtKB:P15043|UniProtKB:P46063|UniProtKB:P54132|UniProtKB:Q14191|UniProtKB:Q8I2W7|WB:WBGene00001865|WB:WBGene00006944	9606	GO_Central		F
UniProtKB	P46063	RECQL	enables	GO:0043138	3'-5' DNA helicase activity	ECO:0000256	IEA	GO_REF:0000117	ARBA:ARBA00044371	9606	UniProt		F
UniProtKB	P46063	RECQL	enables	GO:0043138	3'-5' DNA helicase activity	ECO:0000314	IDA	PMID:35025765		9606	UniProt		F
UniProtKB	P46063	RECQL	enables	GO:0043138	3'-5' DNA helicase activity	ECO:0000314	IDA	PMID:8056767		9606	UniProt		F
UniProtKB	P46100	ATRX	enables	GO:0004386	helicase activity	ECO:0007322	IEA	GO_REF:0000043	UniProtKB-KW:KW-0347	9606	UniProt		F
UniProtKB	P49736	MCM2	contributes_to	GO:0003678	DNA helicase activity	ECO:0000265	IEA	GO_REF:0000107	UniProtKB:P97310|ensembl:ENSMUSP00000061923	9606	Ensembl		F
UniProtKB	P49736	MCM2	contributes_to	GO:0017116	single-stranded DNA helicase activity	ECO:0000318	IBA	GO_REF:0000033	PANTHER:PTN000179711|PomBase:SPBC211.04c|PomBase:SPBC25D12.03c|PomBase:SPCC16A11.17|SGD:S000000119|SGD:S000000406|SGD:S000000758|SGD:S000003169|SGD:S000004264|SGD:S000006223	9606	GO_Central		F
UniProtKB	P49736	MCM2	contributes_to	GO:0043138	3'-5' DNA helicase activity	ECO:0000318	IBA	GO_REF:0000033	FB:FBgn0014861|PANTHER:PTN000179907	9606	GO_Central		F
UniProtKB	P49736	MCM2	enables	GO:0004386	helicase activity	ECO:0007322	IEA	GO_REF:0000043	UniProtKB-KW:KW-0347	9606	UniProt		F
UniProtKB	P49959	MRE11	contributes_to	GO:0003678	DNA helicase activity	ECO:0000315	IMP	PMID:15790808		9606	BHF-UCL		F
UniProtKB	P51530	DNA2	NOT|enables	GO:0003678	DNA helicase activity	ECO:0000314	IDA	PMID:16595799		9606	UniProt		F
UniProtKB	P51530	DNA2	enables	GO:0003678	DNA helicase activity	ECO:0000314	IDA	PMID:16595800		9606	UniProt		F
UniProtKB	P51530	DNA2	enables	GO:0004386	helicase activity	ECO:0000501	IEA	GO_REF:0000120	InterPro:IPR041677|UniProtKB-KW:KW-0347	9606	UniProt		F
UniProtKB	P51530	DNA2	enables	GO:0004386	helicase activity	ECO:0000304	TAS	PMID:18995831		9606	UniProt		F
UniProtKB	P51530	DNA2	enables	GO:0017116	single-stranded DNA helicase activity	ECO:0000314	IDA	PMID:16595799		9606	UniProt		F
UniProtKB	P51530	DNA2	enables	GO:0017116	single-stranded DNA helicase activity	ECO:0000314	IDA	PMID:16595800		9606	UniProt		F
UniProtKB	P51530	DNA2	enables	GO:0043139	5'-3' DNA helicase activity	ECO:0000314	IDA	PMID:20019387		9606	UniProt		F
UniProtKB	P51531	SMARCA2	enables	GO:0004386	helicase activity	ECO:0000256	IEA	GO_REF:0000117	ARBA:ARBA00026537	9606	UniProt		F
UniProtKB	P51531	SMARCA2	enables	GO:0004386	helicase activity	ECO:0000304	TAS	PMID:8223438		9606	PINC		F
UniProtKB	P51532	SMARCA4	enables	GO:0004386	helicase activity	ECO:0000256	IEA	GO_REF:0000117	ARBA:ARBA00026537	9606	UniProt		F
UniProtKB	P51532	SMARCA4	enables	GO:0004386	helicase activity	ECO:0000304	TAS	PMID:8208605		9606	PINC		F
UniProtKB	P54132	BLM	enables	GO:0003678	DNA helicase activity	ECO:0000314	IDA	PMID:12181313		9606	GO_Central		F
UniProtKB	P54132	BLM	enables	GO:0003678	DNA helicase activity	ECO:0000314	IDA	PMID:12818200		9606	GO_Central		F
UniProtKB	P54132	BLM	enables	GO:0003678	DNA helicase activity	ECO:0000314	IDA	PMID:17878217		9606	GO_Central		F
UniProtKB	P54132	BLM	enables	GO:0003678	DNA helicase activity	ECO:0000314	IDA	PMID:19734539		9606	BHF-UCL	occurs_in(GO:0000781),has_input(CHEBI:40304),part_of(GO:0061820)	F
UniProtKB	P54132	BLM	enables	GO:0003678	DNA helicase activity	ECO:0000315	IMP	PMID:21325134		9606	UniProt		F
UniProtKB	P54132	BLM	enables	GO:0003678	DNA helicase activity	ECO:0000314	IDA	PMID:24816114		9606	UniProt		F
UniProtKB	P54132	BLM	enables	GO:0003678	DNA helicase activity	ECO:0000314	IDA	PMID:25901030		9606	UniProt		F
UniProtKB	P54132	BLM	enables	GO:0003678	DNA helicase activity	ECO:0000314	IDA	PMID:9388193		9606	UniProt		F
UniProtKB	P54132	BLM	enables	GO:0004386	helicase activity	ECO:0000501	IEA	GO_REF:0000120	InterPro:IPR004589|UniProtKB-KW:KW-0347	9606	UniProt		F
UniProtKB	P54132	BLM	enables	GO:0004386	helicase activity	ECO:0000314	IDA	PMID:10871376		9606	UniProt		F
UniProtKB	P54132	BLM	enables	GO:0009378	four-way junction helicase activity	ECO:0000318	IBA	GO_REF:0000033	PANTHER:PTN000344873|TAIR:locus:2127998|TAIR:locus:2197555|UniProtKB:P54132|UniProtKB:Q14191	9606	GO_Central		F
UniProtKB	P54132	BLM	enables	GO:0009378	four-way junction helicase activity	ECO:0000314	IDA	PMID:11433031		9606	UniProt		F
UniProtKB	P54132	BLM	enables	GO:0009378	four-way junction helicase activity	ECO:0000314	IDA	PMID:11735402		9606	BHF-UCL	part_of(GO:0000723)	F
UniProtKB	P54132	BLM	enables	GO:0009378	four-way junction helicase activity	ECO:0000314	IDA	PMID:12818200		9606	UniProt		F
UniProtKB	P54132	BLM	enables	GO:0009378	four-way junction helicase activity	ECO:0000314	IDA	PMID:25901030		9606	UniProt		F
UniProtKB	P54132	BLM	enables	GO:0043138	3'-5' DNA helicase activity	ECO:0000318	IBA	GO_REF:0000033	FB:FBgn0002906|FB:FBgn0040290|MGI:MGI:1328362|PANTHER:PTN000344873|PomBase:SPAC2G11.12|SGD:S000004802|TAIR:locus:2180255|TAIR:locus:2197394|TAIR:locus:2197555|UniProtKB:O34748|UniProtKB:P15043|UniProtKB:P46063|UniProtKB:P54132|UniProtKB:Q14191|UniProtKB:Q8I2W7|WB:WBGene00001865|WB:WBGene00006944	9606	GO_Central		F
UniProtKB	P54132	BLM	enables	GO:0043138	3'-5' DNA helicase activity	ECO:0000501	IEA	GO_REF:0000120	ARBA:ARBA00044371|InterPro:IPR018982	9606	UniProt		F
UniProtKB	P54132	BLM	enables	GO:0043138	3'-5' DNA helicase activity	ECO:0000314	IDA	PMID:9388193		9606	UniProt		F
UniProtKB	P54132	BLM	enables	GO:0043138	3'-5' DNA helicase activity	ECO:0000304	TAS	Reactome:R-HSA-174438		9606	Reactome		F
UniProtKB	P54132	BLM	enables	GO:0061749	forked DNA-dependent helicase activity	ECO:0000314	IDA	PMID:11735402		9606	BHF-UCL		F
UniProtKB	P54132	BLM	enables	GO:0061749	forked DNA-dependent helicase activity	ECO:0000314	IDA	PMID:25901030		9606	UniProt		F
UniProtKB	P60842	EIF4A1	enables	GO:0003724	RNA helicase activity	ECO:0000501	IEA	GO_REF:0000120	InterPro:IPR014014|EC:3.6.4.13	9606	UniProt		F
UniProtKB	P60842	EIF4A1	enables	GO:0004386	helicase activity	ECO:0000501	IEA	GO_REF:0000120	ARBA:ARBA00026537|UniProtKB-KW:KW-0347	9606	UniProt		F
UniProtKB	P60842	EIF4A1	enables	GO:0004386	helicase activity	ECO:0000304	TAS	PMID:3215517		9606	UniProt		F
UniProtKB	Q03468	ERCC6	NOT|enables	GO:0003678	DNA helicase activity	ECO:0000314	IDA	PMID:8999876		9606	UniProt		F
UniProtKB	Q03468	ERCC6	enables	GO:0004386	helicase activity	ECO:0007322	IEA	GO_REF:0000043	UniProtKB-KW:KW-0347	9606	UniProt		F
UniProtKB	Q06609	RAD51	enables	GO:0017116	single-stranded DNA helicase activity	ECO:0000315	IMP	PMID:26681308		9606	UniProt		F
UniProtKB	Q06609	RAD51	enables	GO:0017116	single-stranded DNA helicase activity	ECO:0000314	IDA	PMID:7988572		9606	UniProt		F
UniProtKB	Q06609	RAD51	enables	GO:0017116	single-stranded DNA helicase activity	ECO:0000314	IDA	PMID:8929543		9606	UniProt		F
UniProtKB	Q08211	DHX9	enables	GO:0003678	DNA helicase activity	ECO:0000315	IMP	PMID:12711669		9606	UniProt		F
UniProtKB	Q08211	DHX9	enables	GO:0003678	DNA helicase activity	ECO:0000304	TAS	PMID:9111062		9606	PINC		F
UniProtKB	Q08211	DHX9	enables	GO:0003724	RNA helicase activity	ECO:0000501	IEA	GO_REF:0000003	EC:3.6.4.13	9606	UniProt		F
UniProtKB	Q08211	DHX9	enables	GO:0003724	RNA helicase activity	ECO:0000250	ISS	GO_REF:0000024	UniProtKB:Q28141	9606	UniProt		F
UniProtKB	Q08211	DHX9	enables	GO:0003724	RNA helicase activity	ECO:0000318	IBA	GO_REF:0000033	FB:FBgn0002774|PANTHER:PTN001053532|UniProtKB:Q08211|UniProtKB:Q28141	9606	GO_Central		F
UniProtKB	Q08211	DHX9	enables	GO:0003724	RNA helicase activity	ECO:0000314	IDA	PMID:28221134		9606	UniProt		F
UniProtKB	Q08211	DHX9	enables	GO:0003724	RNA helicase activity	ECO:0000304	TAS	PMID:8690889		9606	PINC		F
UniProtKB	Q08211	DHX9	enables	GO:0003724	RNA helicase activity	ECO:0000304	TAS	PMID:9111062		9606	PINC		F
UniProtKB	Q08211	DHX9	enables	GO:0004386	helicase activity	ECO:0007322	IEA	GO_REF:0000043	UniProtKB-KW:KW-0347	9606	UniProt		F
UniProtKB	Q08211	DHX9	enables	GO:0033679	3'-5' DNA/RNA helicase activity	ECO:0000256	IEA	GO_REF:0000002	InterPro:IPR044447	9606	InterPro		F
UniProtKB	Q08211	DHX9	enables	GO:0033679	3'-5' DNA/RNA helicase activity	ECO:0000314	IDA	PMID:1537828		9606	UniProt		F
UniProtKB	Q08211	DHX9	enables	GO:0033679	3'-5' DNA/RNA helicase activity	ECO:0000314	IDA	PMID:21561811		9606	UniProt		F
UniProtKB	Q08211	DHX9	enables	GO:0034458	3'-5' RNA helicase activity	ECO:0000314	IDA	PMID:1537828		9606	UniProt		F
UniProtKB	Q08211	DHX9	enables	GO:0034458	3'-5' RNA helicase activity	ECO:0000314	IDA	PMID:21561811		9606	UniProt		F
UniProtKB	Q08211	DHX9	enables	GO:0043138	3'-5' DNA helicase activity	ECO:0000250	ISS	GO_REF:0000024	UniProtKB:Q28141	9606	UniProt		F
UniProtKB	Q08211	DHX9	enables	GO:0043138	3'-5' DNA helicase activity	ECO:0000318	IBA	GO_REF:0000033	PANTHER:PTN001053532|UniProtKB:Q08211|UniProtKB:Q28141	9606	GO_Central		F
UniProtKB	Q08211	DHX9	enables	GO:0043138	3'-5' DNA helicase activity	ECO:0000314	IDA	PMID:21561811		9606	UniProt		F
UniProtKB	Q08211	DHX9	enables	GO:1990518	single-stranded 3'-5' DNA helicase activity	ECO:0000314	IDA	PMID:20669935		9606	UniProt		F
UniProtKB	Q08211	DHX9	enables	GO:1990518	single-stranded 3'-5' DNA helicase activity	ECO:0000314	IDA	PMID:24049074		9606	UniProt		F
UniProtKB	Q12873	CHD3	enables	GO:0004386	helicase activity	ECO:0000303	NAS	PMID:9688266		9606	UniProt		F
UniProtKB	Q13206	DDX10	enables	GO:0003724	RNA helicase activity	ECO:0000501	IEA	GO_REF:0000120	InterPro:IPR014014|EC:3.6.4.13	9606	UniProt		F
UniProtKB	Q13206	DDX10	enables	GO:0003724	RNA helicase activity	ECO:0000304	TAS	PMID:8660968		9606	PINC		F
UniProtKB	Q13206	DDX10	enables	GO:0004386	helicase activity	ECO:0007322	IEA	GO_REF:0000043	UniProtKB-KW:KW-0347	9606	UniProt		F
UniProtKB	Q13283	G3BP1	enables	GO:0003678	DNA helicase activity	ECO:0000318	IBA	GO_REF:0000033	PANTHER:PTN002581351|UniProtKB:Q13283	9606	GO_Central		F
UniProtKB	Q13283	G3BP1	enables	GO:0003678	DNA helicase activity	ECO:0000304	TAS	PMID:9889278		9606	PINC		F
UniProtKB	Q13283	G3BP1	enables	GO:0003678	DNA helicase activity	ECO:0000314	IDA	PMID:9889278		9606	FlyBase		F
UniProtKB	Q13283	G3BP1	enables	GO:0003724	RNA helicase activity	ECO:0000501	IEA	GO_REF:0000003	EC:3.6.4.13	9606	UniProt		F
UniProtKB	Q13283	G3BP1	enables	GO:0003724	RNA helicase activity	ECO:0000318	IBA	GO_REF:0000033	PANTHER:PTN002581351|UniProtKB:Q13283	9606	GO_Central		F
UniProtKB	Q13283	G3BP1	enables	GO:0003724	RNA helicase activity	ECO:0000304	TAS	PMID:9889278		9606	PINC		F
UniProtKB	Q13283	G3BP1	enables	GO:0003724	RNA helicase activity	ECO:0000314	IDA	PMID:9889278		9606	FlyBase		F
UniProtKB	Q13283	G3BP1	enables	GO:0004386	helicase activity	ECO:0007322	IEA	GO_REF:0000043	UniProtKB-KW:KW-0347	9606	UniProt		F
UniProtKB	Q13283	G3BP1	enables	GO:0033677	DNA/RNA helicase activity	ECO:0000318	IBA	GO_REF:0000033	PANTHER:PTN002581351|UniProtKB:Q13283	9606	GO_Central		F
UniProtKB	Q13283	G3BP1	enables	GO:0033677	DNA/RNA helicase activity	ECO:0000314	IDA	PMID:9889278		9606	FlyBase		F
UniProtKB	Q13838	DDX39B	enables	GO:0003724	RNA helicase activity	ECO:0000318	IBA	GO_REF:0000033	FB:FBgn0263231|FB:FBgn0283442|MGI:MGI:1353582|PANTHER:PTN002774595|PomBase:SPAC17G6.14c|RGD:619906|RGD:68381|SGD:S000002242|SGD:S000003046|SGD:S000005056|SGD:S000005572|SGD:S000005730|TAIR:locus:2084178|TAIR:locus:2147987|TAIR:locus:2167903|UniProtKB:O00571|UniProtKB:P17844|UniProtKB:P38919|UniProtKB:Q13838|UniProtKB:Q8IL13|UniProtKB:Q9NR30|UniProtKB:Q9UJV9|WB:WBGene00001598|WB:WBGene00001599|Xenbase:XB-GENE-999731	9606	GO_Central		F
UniProtKB	Q13838	DDX39B	enables	GO:0003724	RNA helicase activity	ECO:0000501	IEA	GO_REF:0000120	InterPro:IPR014014|EC:3.6.4.13	9606	UniProt		F
UniProtKB	Q13838	DDX39B	enables	GO:0003724	RNA helicase activity	ECO:0000314	IDA	PMID:17562711		9606	UniProt		F
UniProtKB	Q13838	DDX39B	enables	GO:0003724	RNA helicase activity	ECO:0000314	IDA	PMID:18593880		9606	BHF-UCL		F
UniProtKB	Q13838	DDX39B	enables	GO:0003724	RNA helicase activity	ECO:0000304	TAS	PMID:7601445		9606	PINC		F
UniProtKB	Q13838	DDX39B	enables	GO:0004386	helicase activity	ECO:0007322	IEA	GO_REF:0000043	UniProtKB-KW:KW-0347	9606	UniProt		F
UniProtKB	Q14147	DHX34	enables	GO:0003724	RNA helicase activity	ECO:0000501	IEA	GO_REF:0000003	EC:3.6.4.13	9606	UniProt		F
UniProtKB	Q14147	DHX34	enables	GO:0004386	helicase activity	ECO:0000318	IBA	GO_REF:0000033	FB:FBgn0002774|FB:FBgn0032883|MGI:MGI:1919412|MGI:MGI:1920081|MGI:MGI:2448561|PANTHER:PTN008360424|PomBase:SPBC1711.17|SGD:S000000815|SGD:S000001561|SGD:S000003088|SGD:S000004735|UniProtKB:O43143|UniProtKB:P43329|UniProtKB:Q08211|UniProtKB:Q28141|UniProtKB:Q581T1|UniProtKB:Q7L2E3|UniProtKB:Q9H2U1|UniProtKB:Q9H6S0	9606	GO_Central		F
UniProtKB	Q14147	DHX34	enables	GO:0004386	helicase activity	ECO:0007322	IEA	GO_REF:0000043	UniProtKB-KW:KW-0347	9606	UniProt		F
UniProtKB	Q14191	WRN	enables	GO:0003678	DNA helicase activity	ECO:0000315	IMP	PMID:10871376		9606	UniProt		F
UniProtKB	Q14191	WRN	enables	GO:0003678	DNA helicase activity	ECO:0000314	IDA	PMID:12181313		9606	GO_Central		F
UniProtKB	Q14191	WRN	enables	GO:0003678	DNA helicase activity	ECO:0000314	IDA	PMID:12944467		9606	MGI		F
UniProtKB	Q14191	WRN	enables	GO:0003678	DNA helicase activity	ECO:0000314	IDA	PMID:15200954		9606	BHF-UCL	occurs_in(GO:0000781),part_of(GO:0061820)	F
UniProtKB	Q14191	WRN	enables	GO:0003678	DNA helicase activity	ECO:0000314	IDA	PMID:19734539		9606	BHF-UCL	occurs_in(GO:0000781),has_input(CHEBI:40304),part_of(GO:0061820)	F
UniProtKB	Q14191	WRN	enables	GO:0003678	DNA helicase activity	ECO:0000314	IDA	PMID:26420422		9606	BHF-UCL	part_of(GO:0061820),occurs_in(GO:0000781)	F
UniProtKB	Q14191	WRN	enables	GO:0003678	DNA helicase activity	ECO:0000314	IDA	PMID:9288107		9606	UniProt		F
UniProtKB	Q14191	WRN	enables	GO:0004386	helicase activity	ECO:0000501	IEA	GO_REF:0000120	ARBA:ARBA00026537|InterPro:IPR004589|UniProtKB-KW:KW-0347	9606	UniProt		F
UniProtKB	Q14191	WRN	enables	GO:0009378	four-way junction helicase activity	ECO:0000318	IBA	GO_REF:0000033	PANTHER:PTN000344873|TAIR:locus:2127998|TAIR:locus:2197555|UniProtKB:P54132|UniProtKB:Q14191	9606	GO_Central		F
UniProtKB	Q14191	WRN	enables	GO:0009378	four-way junction helicase activity	ECO:0000314	IDA	PMID:11433031		9606	UniProt		F
UniProtKB	Q14191	WRN	enables	GO:0009378	four-way junction helicase activity	ECO:0000314	IDA	PMID:11735402		9606	BHF-UCL	part_of(GO:0000723)	F
UniProtKB	Q14191	WRN	enables	GO:0043138	3'-5' DNA helicase activity	ECO:0000256	IEA	GO_REF:0000002	InterPro:IPR018982	9606	InterPro		F
UniProtKB	Q14191	WRN	enables	GO:0043138	3'-5' DNA helicase activity	ECO:0000318	IBA	GO_REF:0000033	FB:FBgn0002906|FB:FBgn0040290|MGI:MGI:1328362|PANTHER:PTN000344873|PomBase:SPAC2G11.12|SGD:S000004802|TAIR:locus:2180255|TAIR:locus:2197394|TAIR:locus:2197555|UniProtKB:O34748|UniProtKB:P15043|UniProtKB:P46063|UniProtKB:P54132|UniProtKB:Q14191|UniProtKB:Q8I2W7|WB:WBGene00001865|WB:WBGene00006944	9606	GO_Central		F
UniProtKB	Q14191	WRN	enables	GO:0043138	3'-5' DNA helicase activity	ECO:0000314	IDA	PMID:17715146		9606	UniProt		F
UniProtKB	Q14191	WRN	enables	GO:0043138	3'-5' DNA helicase activity	ECO:0000304	TAS	Reactome:R-HSA-174438		9606	Reactome		F
UniProtKB	Q14191	WRN	enables	GO:0061749	forked DNA-dependent helicase activity	ECO:0000314	IDA	PMID:11735402		9606	BHF-UCL		F
UniProtKB	Q14191	WRN	enables	GO:0061749	forked DNA-dependent helicase activity	ECO:0000314	IDA	PMID:17715146		9606	BHF-UCL	part_of(GO:0006298)	F
UniProtKB	Q14240	EIF4A2	enables	GO:0003724	RNA helicase activity	ECO:0000501	IEA	GO_REF:0000120	InterPro:IPR014014|EC:3.6.4.13	9606	UniProt		F
UniProtKB	Q14240	EIF4A2	enables	GO:0004386	helicase activity	ECO:0000501	IEA	GO_REF:0000120	ARBA:ARBA00026537|UniProtKB-KW:KW-0347	9606	UniProt		F
UniProtKB	Q14240	EIF4A2	enables	GO:0004386	helicase activity	ECO:0000304	TAS	PMID:8521730		9606	PINC		F
UniProtKB	Q14527	HLTF	enables	GO:0004386	helicase activity	ECO:0007322	IEA	GO_REF:0000043	UniProtKB-KW:KW-0347	9606	UniProt		F
UniProtKB	Q14562	DHX8	enables	GO:0003724	RNA helicase activity	ECO:0000318	IBA	GO_REF:0000033	PANTHER:PTN000433762|SGD:S000000815	9606	GO_Central		F
UniProtKB	Q14562	DHX8	enables	GO:0003724	RNA helicase activity	ECO:0000501	IEA	GO_REF:0000120	InterPro:IPR044762|EC:3.6.4.13	9606	UniProt		F
UniProtKB	Q14562	DHX8	enables	GO:0003724	RNA helicase activity	ECO:0000304	TAS	PMID:7935475		9606	PINC		F
UniProtKB	Q14562	DHX8	enables	GO:0004386	helicase activity	ECO:0007322	IEA	GO_REF:0000043	UniProtKB-KW:KW-0347	9606	UniProt		F
UniProtKB	Q14566	MCM6	contributes_to	GO:0003678	DNA helicase activity	ECO:0000314	IDA	PMID:25661590		9606	UniProt		F
UniProtKB	Q14566	MCM6	contributes_to	GO:0003678	DNA helicase activity	ECO:0000314	IDA	PMID:9305914		9606	UniProt		F
UniProtKB	Q14566	MCM6	contributes_to	GO:1990518	single-stranded 3'-5' DNA helicase activity	ECO:0000318	IBA	GO_REF:0000033	PANTHER:PTN000180096|PomBase:SPBC211.04c	9606	GO_Central		F
UniProtKB	Q14566	MCM6	enables	GO:0003678	DNA helicase activity	ECO:0000501	IEA	GO_REF:0000120	UniProtKB:P97311|ensembl:ENSMUSP00000027601|InterPro:IPR008049	9606	UniProt		F
UniProtKB	Q14566	MCM6	enables	GO:0004386	helicase activity	ECO:0007322	IEA	GO_REF:0000043	UniProtKB-KW:KW-0347	9606	UniProt		F
UniProtKB	Q149N8	SHPRH	enables	GO:0004386	helicase activity	ECO:0007322	IEA	GO_REF:0000043	UniProtKB-KW:KW-0347	9606	UniProt		F
UniProtKB	Q15477	SKIC2	enables	GO:0003724	RNA helicase activity	ECO:0000256	IEA	GO_REF:0000002	InterPro:IPR016438	9606	InterPro		F
UniProtKB	Q15477	SKIC2	enables	GO:0003724	RNA helicase activity	ECO:0000318	IBA	GO_REF:0000033	PANTHER:PTN004337428|PomBase:SPAC6F12.16c|SGD:S000003586|TAIR:locus:2075566|UniProtKB:P42285|UniProtKB:Q15477	9606	GO_Central		F
UniProtKB	Q15477	SKIC2	enables	GO:0003724	RNA helicase activity	ECO:0000304	TAS	PMID:7610041		9606	PINC		F
UniProtKB	Q15477	SKIC2	enables	GO:0004386	helicase activity	ECO:0007322	IEA	GO_REF:0000043	UniProtKB-KW:KW-0347	9606	UniProt		F
UniProtKB	Q15477	SKIC2	enables	GO:0034458	3'-5' RNA helicase activity	ECO:0000314	IDA	PMID:35120588		9606	UniProt		F
UniProtKB	Q2NKX8	ERCC6L	enables	GO:0004386	helicase activity	ECO:0007322	IEA	GO_REF:0000043	UniProtKB-KW:KW-0347	9606	UniProt		F
UniProtKB	Q587J7	TDRD12	enables	GO:0003724	RNA helicase activity	ECO:0000501	IEA	GO_REF:0000003	EC:3.6.4.13	9606	UniProt		F
UniProtKB	Q587J7	TDRD12	enables	GO:0004386	helicase activity	ECO:0007322	IEA	GO_REF:0000043	UniProtKB-KW:KW-0347	9606	UniProt		F
UniProtKB	Q5FWF4	ZRANB3	NOT|enables	GO:0003678	DNA helicase activity	ECO:0000314	IDA	PMID:21078962		9606	UniProt		F
UniProtKB	Q5FWF4	ZRANB3	enables	GO:0004386	helicase activity	ECO:0007322	IEA	GO_REF:0000043	UniProtKB-KW:KW-0347	9606	UniProt		F
UniProtKB	Q5H9U9	DDX60L	enables	GO:0003724	RNA helicase activity	ECO:0000501	IEA	GO_REF:0000003	EC:3.6.4.13	9606	UniProt		F
UniProtKB	Q5H9U9	DDX60L	enables	GO:0004386	helicase activity	ECO:0007322	IEA	GO_REF:0000043	UniProtKB-KW:KW-0347	9606	UniProt		F
UniProtKB	Q5T1V6	DDX59	enables	GO:0003724	RNA helicase activity	ECO:0000318	IBA	GO_REF:0000033	FB:FBgn0263231|FB:FBgn0283442|MGI:MGI:1353582|PANTHER:PTN002774595|PomBase:SPAC17G6.14c|RGD:619906|RGD:68381|SGD:S000002242|SGD:S000003046|SGD:S000005056|SGD:S000005572|SGD:S000005730|TAIR:locus:2084178|TAIR:locus:2147987|TAIR:locus:2167903|UniProtKB:O00571|UniProtKB:P17844|UniProtKB:P38919|UniProtKB:Q13838|UniProtKB:Q8IL13|UniProtKB:Q9NR30|UniProtKB:Q9UJV9|WB:WBGene00001598|WB:WBGene00001599|Xenbase:XB-GENE-999731	9606	GO_Central		F
UniProtKB	Q5T1V6	DDX59	enables	GO:0003724	RNA helicase activity	ECO:0000501	IEA	GO_REF:0000120	InterPro:IPR014014|EC:3.6.4.13	9606	UniProt		F
UniProtKB	Q5T1V6	DDX59	enables	GO:0004386	helicase activity	ECO:0007322	IEA	GO_REF:0000043	UniProtKB-KW:KW-0347	9606	UniProt		F
UniProtKB	Q5T890	ERCC6L2	enables	GO:0004386	helicase activity	ECO:0007322	IEA	GO_REF:0000043	UniProtKB-KW:KW-0347	9606	UniProt		F
UniProtKB	Q6P158	DHX57	enables	GO:0003724	RNA helicase activity	ECO:0000501	IEA	GO_REF:0000003	EC:3.6.4.13	9606	UniProt		F
UniProtKB	Q6P158	DHX57	enables	GO:0004386	helicase activity	ECO:0000318	IBA	GO_REF:0000033	FB:FBgn0002774|FB:FBgn0032883|MGI:MGI:1919412|MGI:MGI:1920081|MGI:MGI:2448561|PANTHER:PTN008360424|PomBase:SPBC1711.17|SGD:S000000815|SGD:S000001561|SGD:S000003088|SGD:S000004735|UniProtKB:O43143|UniProtKB:P43329|UniProtKB:Q08211|UniProtKB:Q28141|UniProtKB:Q581T1|UniProtKB:Q7L2E3|UniProtKB:Q9H2U1|UniProtKB:Q9H6S0	9606	GO_Central		F
UniProtKB	Q6P158	DHX57	enables	GO:0004386	helicase activity	ECO:0007322	IEA	GO_REF:0000043	UniProtKB-KW:KW-0347	9606	UniProt		F
UniProtKB	Q6ZRS2	SRCAP	enables	GO:0004386	helicase activity	ECO:0007322	IEA	GO_REF:0000043	UniProtKB-KW:KW-0347	9606	UniProt		F
UniProtKB	Q7L014	DDX46	enables	GO:0003724	RNA helicase activity	ECO:0000501	IEA	GO_REF:0000120	InterPro:IPR014014|EC:3.6.4.13	9606	UniProt		F
UniProtKB	Q7L014	DDX46	enables	GO:0003724	RNA helicase activity	ECO:0000304	TAS	Reactome:R-HSA-9770129		9606	Reactome		F
UniProtKB	Q7L014	DDX46	enables	GO:0004386	helicase activity	ECO:0007322	IEA	GO_REF:0000043	UniProtKB-KW:KW-0347	9606	UniProt		F
UniProtKB	Q7L2E3	DHX30	enables	GO:0003678	DNA helicase activity	ECO:0000318	IBA	GO_REF:0000033	FB:FBgn0032883|MGI:MGI:1919412|PANTHER:PTN001053965|UniProtKB:Q9H2U1	9606	GO_Central		F
UniProtKB	Q7L2E3	DHX30	enables	GO:0003724	RNA helicase activity	ECO:0000318	IBA	GO_REF:0000033	FB:FBgn0032883|MGI:MGI:1920081|PANTHER:PTN001053965|UniProtKB:Q7L2E3|UniProtKB:Q9H2U1	9606	GO_Central		F
UniProtKB	Q7L2E3	DHX30	enables	GO:0003724	RNA helicase activity	ECO:0000501	IEA	GO_REF:0000120	ARBA:ARBA00028402|UniProtKB:Q99PU8|ensembl:ENSMUSP00000142489|EC:3.6.4.13	9606	UniProt		F
UniProtKB	Q7L2E3	DHX30	enables	GO:0003724	RNA helicase activity	ECO:0000314	IDA	PMID:29100085		9606	UniProt		F
UniProtKB	Q7L2E3	DHX30	enables	GO:0004386	helicase activity	ECO:0007322	IEA	GO_REF:0000043	UniProtKB-KW:KW-0347	9606	UniProt		F
UniProtKB	Q7L7V1	DHX32	enables	GO:0003724	RNA helicase activity	ECO:0000501	IEA	GO_REF:0000003	EC:3.6.4.13	9606	UniProt		F
UniProtKB	Q7L7V1	DHX32	enables	GO:0004386	helicase activity	ECO:0000318	IBA	GO_REF:0000033	FB:FBgn0002774|FB:FBgn0032883|MGI:MGI:1919412|MGI:MGI:1920081|MGI:MGI:2448561|PANTHER:PTN008360424|PomBase:SPBC1711.17|SGD:S000000815|SGD:S000001561|SGD:S000003088|SGD:S000004735|UniProtKB:O43143|UniProtKB:P43329|UniProtKB:Q08211|UniProtKB:Q28141|UniProtKB:Q581T1|UniProtKB:Q7L2E3|UniProtKB:Q9H2U1|UniProtKB:Q9H6S0	9606	GO_Central		F
UniProtKB	Q7L7V1	DHX32	enables	GO:0004386	helicase activity	ECO:0007322	IEA	GO_REF:0000043	UniProtKB-KW:KW-0347	9606	UniProt		F
UniProtKB	Q7Z333	SETX	enables	GO:0003678	DNA helicase activity	ECO:0000304	TAS	PMID:17562789		9606	UniProt		F
UniProtKB	Q7Z333	SETX	enables	GO:0004386	helicase activity	ECO:0000501	IEA	GO_REF:0000120	InterPro:IPR041677|UniProtKB-KW:KW-0347	9606	UniProt		F
UniProtKB	Q7Z478	DHX29	enables	GO:0003724	RNA helicase activity	ECO:0000501	IEA	GO_REF:0000120	InterPro:IPR034730|EC:3.6.4.13|UniRule:UR000369429	9606	UniProt		F
UniProtKB	Q7Z478	DHX29	enables	GO:0004386	helicase activity	ECO:0000318	IBA	GO_REF:0000033	FB:FBgn0002774|FB:FBgn0032883|MGI:MGI:1919412|MGI:MGI:1920081|MGI:MGI:2448561|PANTHER:PTN008360424|PomBase:SPBC1711.17|SGD:S000000815|SGD:S000001561|SGD:S000003088|SGD:S000004735|UniProtKB:O43143|UniProtKB:P43329|UniProtKB:Q08211|UniProtKB:Q28141|UniProtKB:Q581T1|UniProtKB:Q7L2E3|UniProtKB:Q9H2U1|UniProtKB:Q9H6S0	9606	GO_Central		F
UniProtKB	Q7Z478	DHX29	enables	GO:0004386	helicase activity	ECO:0007322	IEA	GO_REF:0000043	UniProtKB-KW:KW-0347	9606	UniProt		F
UniProtKB	Q7Z7L1	SLFN11	enables	GO:0004386	helicase activity	ECO:0007322	IEA	GO_REF:0000043	UniProtKB-KW:KW-0347	9606	UniProt		F
UniProtKB	Q86TM3	DDX53	enables	GO:0003724	RNA helicase activity	ECO:0000501	IEA	GO_REF:0000003	EC:3.6.4.13	9606	UniProt		F
UniProtKB	Q86TM3	DDX53	enables	GO:0003724	RNA helicase activity	ECO:0000318	IBA	GO_REF:0000033	FB:FBgn0263231|FB:FBgn0283442|MGI:MGI:1353582|PANTHER:PTN002774595|PomBase:SPAC17G6.14c|RGD:619906|RGD:68381|SGD:S000002242|SGD:S000003046|SGD:S000005056|SGD:S000005572|SGD:S000005730|TAIR:locus:2084178|TAIR:locus:2147987|TAIR:locus:2167903|UniProtKB:O00571|UniProtKB:P17844|UniProtKB:P38919|UniProtKB:Q13838|UniProtKB:Q8IL13|UniProtKB:Q9NR30|UniProtKB:Q9UJV9|WB:WBGene00001598|WB:WBGene00001599|Xenbase:XB-GENE-999731	9606	GO_Central		F
UniProtKB	Q86TM3	DDX53	enables	GO:0004386	helicase activity	ECO:0007322	IEA	GO_REF:0000043	UniProtKB-KW:KW-0347	9606	UniProt		F
UniProtKB	Q86WJ1	CHD1L	enables	GO:0003678	DNA helicase activity	ECO:0000256	IEA	GO_REF:0000002	InterPro:IPR031053	9606	InterPro		F
UniProtKB	Q86WJ1	CHD1L	enables	GO:0003678	DNA helicase activity	ECO:0000304	TAS	PMID:19661379		9606	UniProt		F
UniProtKB	Q86XP3	DDX42	enables	GO:0003724	RNA helicase activity	ECO:0000501	IEA	GO_REF:0000120	InterPro:IPR014014|EC:3.6.4.13	9606	UniProt		F
UniProtKB	Q86XP3	DDX42	enables	GO:0003724	RNA helicase activity	ECO:0000314	IDA	PMID:16397294		9606	FlyBase		F
UniProtKB	Q86XP3	DDX42	enables	GO:0004386	helicase activity	ECO:0007322	IEA	GO_REF:0000043	UniProtKB-KW:KW-0347	9606	UniProt		F
UniProtKB	Q86YA3	ZGRF1	enables	GO:0004386	helicase activity	ECO:0000501	IEA	GO_REF:0000120	InterPro:IPR041677|UniProtKB-KW:KW-0347	9606	UniProt		F
UniProtKB	Q86YA3	ZGRF1	enables	GO:0043139	5'-3' DNA helicase activity	ECO:0000314	IDA	PMID:32640219		9606	UniProt		F
UniProtKB	Q8IVL1	NAV2	enables	GO:0004386	helicase activity	ECO:0007322	IEA	GO_REF:0000043	UniProtKB-KW:KW-0347	9606	UniProt		F
UniProtKB	Q8IVL1	NAV2	enables	GO:0043138	3'-5' DNA helicase activity	ECO:0000314	IDA	PMID:12214280		9606	FlyBase		F
UniProtKB	Q8IX18	DHX40	enables	GO:0003724	RNA helicase activity	ECO:0000501	IEA	GO_REF:0000003	EC:3.6.4.13	9606	UniProt		F
UniProtKB	Q8IX18	DHX40	enables	GO:0004386	helicase activity	ECO:0007322	IEA	GO_REF:0000043	UniProtKB-KW:KW-0347	9606	UniProt		F
UniProtKB	Q8IX18	DHX40	enables	GO:0034458	3'-5' RNA helicase activity	ECO:0000318	IBA	GO_REF:0000033	PANTHER:PTN000433948|PomBase:SPBC1711.17	9606	GO_Central		F
UniProtKB	Q8IY21	DDX60	enables	GO:0003724	RNA helicase activity	ECO:0000501	IEA	GO_REF:0000003	EC:3.6.4.13	9606	UniProt		F
UniProtKB	Q8IY21	DDX60	enables	GO:0004386	helicase activity	ECO:0007322	IEA	GO_REF:0000043	UniProtKB-KW:KW-0347	9606	UniProt		F
UniProtKB	Q8IY37	DHX37	enables	GO:0003724	RNA helicase activity	ECO:0000501	IEA	GO_REF:0000003	EC:3.6.4.13	9606	UniProt		F
UniProtKB	Q8IY37	DHX37	enables	GO:0004386	helicase activity	ECO:0000318	IBA	GO_REF:0000033	FB:FBgn0002774|FB:FBgn0032883|MGI:MGI:1919412|MGI:MGI:1920081|MGI:MGI:2448561|PANTHER:PTN008360424|PomBase:SPBC1711.17|SGD:S000000815|SGD:S000001561|SGD:S000003088|SGD:S000004735|UniProtKB:O43143|UniProtKB:P43329|UniProtKB:Q08211|UniProtKB:Q28141|UniProtKB:Q581T1|UniProtKB:Q7L2E3|UniProtKB:Q9H2U1|UniProtKB:Q9H6S0	9606	GO_Central		F
UniProtKB	Q8IY37	DHX37	enables	GO:0004386	helicase activity	ECO:0007322	IEA	GO_REF:0000043	UniProtKB-KW:KW-0347	9606	UniProt		F
UniProtKB	Q8IYB8	SUPV3L1	enables	GO:0003678	DNA helicase activity	ECO:0000315	IMP	PMID:12466530		9606	UniProt		F
UniProtKB	Q8IYB8	SUPV3L1	enables	GO:0003724	RNA helicase activity	ECO:0000501	IEA	GO_REF:0000120	InterPro:IPR044774|EC:3.6.4.13	9606	UniProt		F
UniProtKB	Q8IYB8	SUPV3L1	enables	GO:0003724	RNA helicase activity	ECO:0000314	IDA	PMID:19509288		9606	UniProt		F
UniProtKB	Q8IYB8	SUPV3L1	enables	GO:0004386	helicase activity	ECO:0007322	IEA	GO_REF:0000043	UniProtKB-KW:KW-0347	9606	UniProt		F
UniProtKB	Q8IYB8	SUPV3L1	enables	GO:0004386	helicase activity	ECO:0000304	TAS	PMID:9925937		9606	PINC		F
UniProtKB	Q8IYB8	SUPV3L1	enables	GO:0034458	3'-5' RNA helicase activity	ECO:0000269	EXP	PMID:15096047		9606	Reactome		F
UniProtKB	Q8IYB8	SUPV3L1	enables	GO:0034458	3'-5' RNA helicase activity	ECO:0000269	EXP	PMID:19509288		9606	Reactome		F
UniProtKB	Q8IYB8	SUPV3L1	enables	GO:0034458	3'-5' RNA helicase activity	ECO:0000314	IDA	PMID:19509288		9606	UniProt		F
UniProtKB	Q8IYB8	SUPV3L1	enables	GO:0034458	3'-5' RNA helicase activity	ECO:0000269	EXP	PMID:35481630		9606	Reactome		F
UniProtKB	Q8IYD8	FANCM	enables	GO:0003724	RNA helicase activity	ECO:0000501	IEA	GO_REF:0000003	EC:3.6.4.13	9606	UniProt		F
UniProtKB	Q8IYD8	FANCM	enables	GO:0004386	helicase activity	ECO:0007322	IEA	GO_REF:0000043	UniProtKB-KW:KW-0347	9606	UniProt		F
UniProtKB	Q8IYD8	FANCM	enables	GO:0009378	four-way junction helicase activity	ECO:0000318	IBA	GO_REF:0000033	PANTHER:PTN000361481|PomBase:SPAC9.05	9606	GO_Central		F
UniProtKB	Q8IYD8	FANCM	enables	GO:0043138	3'-5' DNA helicase activity	ECO:0000256	IEA	GO_REF:0000002	InterPro:IPR039686	9606	InterPro		F
UniProtKB	Q8IYD8	FANCM	enables	GO:0043138	3'-5' DNA helicase activity	ECO:0000318	IBA	GO_REF:0000033	FB:FBgn0038889|PANTHER:PTN000361481|SGD:S000001441	9606	GO_Central		F
UniProtKB	Q8N3C0	ASCC3	enables	GO:0004386	helicase activity	ECO:0000501	IEA	GO_REF:0000120	ARBA:ARBA00026537|UniProtKB-KW:KW-0347	9606	UniProt		F
UniProtKB	Q8N3C0	ASCC3	enables	GO:0043138	3'-5' DNA helicase activity	ECO:0000318	IBA	GO_REF:0000033	PANTHER:PTN002375404|UniProtKB:Q8N3C0	9606	GO_Central		F
UniProtKB	Q8N3C0	ASCC3	enables	GO:0043138	3'-5' DNA helicase activity	ECO:0000314	IDA	PMID:22055184		9606	UniProt		F
UniProtKB	Q8N8A6	DDX51	enables	GO:0003724	RNA helicase activity	ECO:0000501	IEA	GO_REF:0000003	EC:3.6.4.13	9606	UniProt		F
UniProtKB	Q8N8A6	DDX51	enables	GO:0004386	helicase activity	ECO:0007322	IEA	GO_REF:0000043	UniProtKB-KW:KW-0347	9606	UniProt		F
UniProtKB	Q8NDG6	TDRD9	enables	GO:0003724	RNA helicase activity	ECO:0000501	IEA	GO_REF:0000003	EC:3.6.4.13	9606	UniProt		F
UniProtKB	Q8NDG6	TDRD9	enables	GO:0004386	helicase activity	ECO:0000318	IBA	GO_REF:0000033	FB:FBgn0002774|FB:FBgn0032883|MGI:MGI:1919412|MGI:MGI:1920081|MGI:MGI:2448561|PANTHER:PTN008360424|PomBase:SPBC1711.17|SGD:S000000815|SGD:S000001561|SGD:S000003088|SGD:S000004735|UniProtKB:O43143|UniProtKB:P43329|UniProtKB:Q08211|UniProtKB:Q28141|UniProtKB:Q581T1|UniProtKB:Q7L2E3|UniProtKB:Q9H2U1|UniProtKB:Q9H6S0	9606	GO_Central		F
UniProtKB	Q8NDG6	TDRD9	enables	GO:0004386	helicase activity	ECO:0007322	IEA	GO_REF:0000043	UniProtKB-KW:KW-0347	9606	UniProt		F
UniProtKB	Q8NFZ0	FBH1	enables	GO:0003678	DNA helicase activity	ECO:0000256	IEA	GO_REF:0000002	InterPro:IPR000212	9606	InterPro		F
UniProtKB	Q8NFZ0	FBH1	enables	GO:0003678	DNA helicase activity	ECO:0000314	IDA	PMID:19736316		9606	UniProt		F
UniProtKB	Q8NFZ0	FBH1	enables	GO:0003678	DNA helicase activity	ECO:0000315	IMP	PMID:23361013		9606	UniProt		F
UniProtKB	Q8NFZ0	FBH1	enables	GO:0004386	helicase activity	ECO:0007322	IEA	GO_REF:0000043	UniProtKB-KW:KW-0347	9606	UniProt		F
UniProtKB	Q8NFZ0	FBH1	enables	GO:0043138	3'-5' DNA helicase activity	ECO:0000318	IBA	GO_REF:0000033	CGD:CAL0000191199|PANTHER:PTN000116141|PomBase:SPBC336.01|SGD:S000003628|SGD:S000005455|TAIR:locus:2117303|UniProtKB:P03018|UniProtKB:P15038|UniProtKB:P9WMQ1|UniProtKB:Q02322|UniProtKB:Q8I3W6|UniProtKB:Q8NFZ0	9606	GO_Central		F
UniProtKB	Q8NFZ0	FBH1	enables	GO:0043138	3'-5' DNA helicase activity	ECO:0000314	IDA	PMID:11956208		9606	UniProt		F
UniProtKB	Q8NFZ0	FBH1	enables	GO:0043138	3'-5' DNA helicase activity	ECO:0000314	IDA	PMID:23393192		9606	UniProt		F
UniProtKB	Q8NG08	HELB	enables	GO:0003678	DNA helicase activity	ECO:0000501	IEA	GO_REF:0000120	ARBA:ARBA00029227|UniProtKB:Q6NVF4|ensembl:ENSMUSP00000020449	9606	UniProt		F
UniProtKB	Q8NG08	HELB	enables	GO:0004386	helicase activity	ECO:0007322	IEA	GO_REF:0000043	UniProtKB-KW:KW-0347	9606	UniProt		F
UniProtKB	Q8NG08	HELB	enables	GO:0017116	single-stranded DNA helicase activity	ECO:0000318	IBA	GO_REF:0000033	PANTHER:PTN002707017|UniProtKB:Q8NG08	9606	GO_Central		F
UniProtKB	Q8NG08	HELB	enables	GO:0017116	single-stranded DNA helicase activity	ECO:0000314	IDA	PMID:12181327		9606	UniProt		F
UniProtKB	Q8NG08	HELB	enables	GO:0043139	5'-3' DNA helicase activity	ECO:0000314	IDA	PMID:12181327		9606	UniProt		F
UniProtKB	Q8NHQ9	DDX55	enables	GO:0003724	RNA helicase activity	ECO:0000501	IEA	GO_REF:0000120	InterPro:IPR014014|EC:3.6.4.13	9606	UniProt		F
UniProtKB	Q8NHQ9	DDX55	enables	GO:0004386	helicase activity	ECO:0007322	IEA	GO_REF:0000043	UniProtKB-KW:KW-0347	9606	UniProt		F
UniProtKB	Q8TDD1	DDX54	enables	GO:0003724	RNA helicase activity	ECO:0000501	IEA	GO_REF:0000120	InterPro:IPR012541|InterPro:IPR014014|EC:3.6.4.13	9606	UniProt		F
UniProtKB	Q8TDD1	DDX54	enables	GO:0003724	RNA helicase activity	ECO:0000314	IDA	PMID:12466272		9606	UniProt		F
UniProtKB	Q8TDD1	DDX54	enables	GO:0004386	helicase activity	ECO:0007322	IEA	GO_REF:0000043	UniProtKB-KW:KW-0347	9606	UniProt		F
UniProtKB	Q8TDG4	HELQ	enables	GO:0004386	helicase activity	ECO:0007322	IEA	GO_REF:0000043	UniProtKB-KW:KW-0347	9606	UniProt		F
UniProtKB	Q8TDG4	HELQ	enables	GO:1990518	single-stranded 3'-5' DNA helicase activity	ECO:0000314	IDA	PMID:11751861		9606	FlyBase		F
UniProtKB	Q8TDG4	HELQ	enables	GO:1990518	single-stranded 3'-5' DNA helicase activity	ECO:0000314	IDA	PMID:34316696		9606	UniProt		F
UniProtKB	Q8TDG4	HELQ	enables	GO:1990518	single-stranded 3'-5' DNA helicase activity	ECO:0000314	IDA	PMID:34937945		9606	UniProt		F
UniProtKB	Q8TE96	DQX1	enables	GO:0004386	helicase activity	ECO:0000318	IBA	GO_REF:0000033	FB:FBgn0002774|FB:FBgn0032883|MGI:MGI:1919412|MGI:MGI:1920081|MGI:MGI:2448561|PANTHER:PTN008360424|PomBase:SPBC1711.17|SGD:S000000815|SGD:S000001561|SGD:S000003088|SGD:S000004735|UniProtKB:O43143|UniProtKB:P43329|UniProtKB:Q08211|UniProtKB:Q28141|UniProtKB:Q581T1|UniProtKB:Q7L2E3|UniProtKB:Q9H2U1|UniProtKB:Q9H6S0	9606	GO_Central		F
UniProtKB	Q8WVB6	CHTF18	contributes_to	GO:0017116	single-stranded DNA helicase activity	ECO:0000318	IBA	GO_REF:0000033	PANTHER:PTN002764285|UniProtKB:Q8WVB6	9606	GO_Central		F
UniProtKB	Q8WVB6	CHTF18	contributes_to	GO:0017116	single-stranded DNA helicase activity	ECO:0000314	IDA	PMID:12930902		9606	UniProt		F
UniProtKB	Q92499	DDX1	enables	GO:0003724	RNA helicase activity	ECO:0000501	IEA	GO_REF:0000120	InterPro:IPR014014|EC:3.6.4.13	9606	UniProt		F
UniProtKB	Q92499	DDX1	enables	GO:0003724	RNA helicase activity	ECO:0000314	IDA	PMID:12183465		9606	GO_Central		F
UniProtKB	Q92499	DDX1	enables	GO:0003724	RNA helicase activity	ECO:0000314	IDA	PMID:18710941		9606	FlyBase		F
UniProtKB	Q92499	DDX1	enables	GO:0004386	helicase activity	ECO:0007322	IEA	GO_REF:0000043	UniProtKB-KW:KW-0347	9606	UniProt		F
UniProtKB	Q92499	DDX1	enables	GO:0033677	DNA/RNA helicase activity	ECO:0000314	IDA	PMID:18710941		9606	UniProt		F
UniProtKB	Q92620	DHX38	enables	GO:0003724	RNA helicase activity	ECO:0000501	IEA	GO_REF:0000003	EC:3.6.4.13	9606	UniProt		F
UniProtKB	Q92620	DHX38	enables	GO:0003724	RNA helicase activity	ECO:0000304	TAS	Reactome:R-HSA-9770141		9606	Reactome		F
UniProtKB	Q92620	DHX38	enables	GO:0004386	helicase activity	ECO:0007322	IEA	GO_REF:0000043	UniProtKB-KW:KW-0347	9606	UniProt		F
UniProtKB	Q92620	DHX38	enables	GO:0034458	3'-5' RNA helicase activity	ECO:0000318	IBA	GO_REF:0000033	PANTHER:PTN000433948|PomBase:SPBC1711.17	9606	GO_Central		F
UniProtKB	Q92698	RAD54L	enables	GO:0004386	helicase activity	ECO:0007322	IEA	GO_REF:0000043	UniProtKB-KW:KW-0347	9606	UniProt		F
UniProtKB	Q92771	DDX12P	enables	GO:0003678	DNA helicase activity	ECO:0000256	IEA	GO_REF:0000002	InterPro:IPR006554|InterPro:IPR010614|InterPro:IPR013020	9606	InterPro		F
UniProtKB	Q92771	DDX12P	enables	GO:0003678	DNA helicase activity	ECO:0000318	IBA	GO_REF:0000033	CGD:CAL0000192893|MGI:MGI:2139369|PANTHER:PTN000158192|SGD:S000000973|SGD:S000005929|UniProtKB:P18074|UniProtKB:P27296|UniProtKB:P76257|UniProtKB:Q8I2H7|UniProtKB:Q96FC9|UniProtKB:Q9BX63|UniProtKB:Q9NZ71	9606	GO_Central		F
UniProtKB	Q92771	DDX12P	enables	GO:0003724	RNA helicase activity	ECO:0000501	IEA	GO_REF:0000003	EC:3.6.4.13	9606	UniProt		F
UniProtKB	Q92771	DDX12P	enables	GO:0004386	helicase activity	ECO:0000501	IEA	GO_REF:0000120	InterPro:IPR006555|UniProtKB-KW:KW-0347	9606	UniProt		F
UniProtKB	Q92841	DDX17	enables	GO:0003724	RNA helicase activity	ECO:0000318	IBA	GO_REF:0000033	FB:FBgn0263231|FB:FBgn0283442|MGI:MGI:1353582|PANTHER:PTN002774595|PomBase:SPAC17G6.14c|RGD:619906|RGD:68381|SGD:S000002242|SGD:S000003046|SGD:S000005056|SGD:S000005572|SGD:S000005730|TAIR:locus:2084178|TAIR:locus:2147987|TAIR:locus:2167903|UniProtKB:O00571|UniProtKB:P17844|UniProtKB:P38919|UniProtKB:Q13838|UniProtKB:Q8IL13|UniProtKB:Q9NR30|UniProtKB:Q9UJV9|WB:WBGene00001598|WB:WBGene00001599|Xenbase:XB-GENE-999731	9606	GO_Central		F
UniProtKB	Q92841	DDX17	enables	GO:0003724	RNA helicase activity	ECO:0000501	IEA	GO_REF:0000120	InterPro:IPR014014|EC:3.6.4.13	9606	UniProt		F
UniProtKB	Q92841	DDX17	enables	GO:0003724	RNA helicase activity	ECO:0000304	TAS	PMID:8871553		9606	PINC		F
UniProtKB	Q92841	DDX17	enables	GO:0004386	helicase activity	ECO:0007322	IEA	GO_REF:0000043	UniProtKB-KW:KW-0347	9606	UniProt		F
UniProtKB	Q92878	RAD50	contributes_to	GO:0003678	DNA helicase activity	ECO:0000315	IMP	PMID:15790808		9606	BHF-UCL		F
UniProtKB	Q92900	UPF1	enables	GO:0003724	RNA helicase activity	ECO:0000256	IEA	GO_REF:0000002	InterPro:IPR018999	9606	InterPro		F
UniProtKB	Q92900	UPF1	enables	GO:0003724	RNA helicase activity	ECO:0000318	IBA	GO_REF:0000033	PANTHER:PTN000094512|SGD:S000004685|UniProtKB:Q92900	9606	GO_Central		F
UniProtKB	Q92900	UPF1	enables	GO:0003724	RNA helicase activity	ECO:0000314	IDA	PMID:12554878		9606	HGNC-UCL		F
UniProtKB	Q92900	UPF1	enables	GO:0003724	RNA helicase activity	ECO:0000314	IDA	PMID:21419344		9606	UniProt		F
UniProtKB	Q92900	UPF1	enables	GO:0004386	helicase activity	ECO:0000501	IEA	GO_REF:0000120	InterPro:IPR041677|UniProtKB-KW:KW-0347	9606	UniProt		F
UniProtKB	Q92900	UPF1	enables	GO:0004386	helicase activity	ECO:0000303	NAS	PMID:9064659		9606	UniProt		F
UniProtKB	Q92900	UPF1	enables	GO:0036121	double-stranded DNA helicase activity	ECO:0000314	IDA	PMID:30218034		9606	UniProt		F
UniProtKB	Q96C10	DHX58	enables	GO:0003724	RNA helicase activity	ECO:0000501	IEA	GO_REF:0000003	EC:3.6.4.13	9606	UniProt		F
UniProtKB	Q96C10	DHX58	enables	GO:0003724	RNA helicase activity	ECO:0000315	IMP	PMID:19211564		9606	UniProt		F
UniProtKB	Q96C10	DHX58	enables	GO:0004386	helicase activity	ECO:0007322	IEA	GO_REF:0000043	UniProtKB-KW:KW-0347	9606	UniProt		F
UniProtKB	Q96FC9	DDX11	enables	GO:0003678	DNA helicase activity	ECO:0000256	IEA	GO_REF:0000002	InterPro:IPR006554|InterPro:IPR010614|InterPro:IPR013020	9606	InterPro		F
UniProtKB	Q96FC9	DDX11	enables	GO:0003678	DNA helicase activity	ECO:0000318	IBA	GO_REF:0000033	CGD:CAL0000192893|MGI:MGI:2139369|PANTHER:PTN000158192|SGD:S000000973|SGD:S000005929|UniProtKB:P18074|UniProtKB:P27296|UniProtKB:P76257|UniProtKB:Q8I2H7|UniProtKB:Q96FC9|UniProtKB:Q9BX63|UniProtKB:Q9NZ71	9606	GO_Central		F
UniProtKB	Q96FC9	DDX11	enables	GO:0003678	DNA helicase activity	ECO:0000314	IDA	PMID:26503245		9606	UniProt		F
UniProtKB	Q96FC9	DDX11	enables	GO:0004386	helicase activity	ECO:0000501	IEA	GO_REF:0000120	InterPro:IPR006555|UniProtKB-KW:KW-0347	9606	UniProt		F
UniProtKB	Q96FC9	DDX11	enables	GO:0004386	helicase activity	ECO:0000314	IDA	PMID:10648783		9606	UniProt		F
UniProtKB	Q96FC9	DDX11	enables	GO:0004386	helicase activity	ECO:0000314	IDA	PMID:18499658		9606	UniProt		F
UniProtKB	Q96FC9	DDX11	enables	GO:0004386	helicase activity	ECO:0000304	TAS	PMID:8798685		9606	PINC		F
UniProtKB	Q96FC9	DDX11	enables	GO:0043139	5'-3' DNA helicase activity	ECO:0000314	IDA	PMID:18499658		9606	GO_Central		F
UniProtKB	Q96GQ7	DDX27	enables	GO:0003724	RNA helicase activity	ECO:0000501	IEA	GO_REF:0000120	InterPro:IPR014014|EC:3.6.4.13	9606	UniProt		F
UniProtKB	Q96GQ7	DDX27	enables	GO:0004386	helicase activity	ECO:0007322	IEA	GO_REF:0000043	UniProtKB-KW:KW-0347	9606	UniProt		F
UniProtKB	Q96L91	EP400	enables	GO:0004386	helicase activity	ECO:0007322	IEA	GO_REF:0000043	UniProtKB-KW:KW-0347	9606	UniProt		F
UniProtKB	Q96RR1	TWNK	enables	GO:0003678	DNA helicase activity	ECO:0000318	IBA	GO_REF:0000033	MGI:MGI:2137410|PANTHER:PTN000305614|TAIR:locus:2204584|UniProtKB:Q8ILY1|UniProtKB:Q96RR1|dictyBase:DDB_G0288209	9606	GO_Central		F
UniProtKB	Q96RR1	TWNK	enables	GO:0003678	DNA helicase activity	ECO:0000501	IEA	GO_REF:0000120	ARBA:ARBA00029227|UniProtKB:Q8CIW5|ensembl:ENSMUSP00000026227|InterPro:IPR007694	9606	UniProt		F
UniProtKB	Q96RR1	TWNK	enables	GO:0004386	helicase activity	ECO:0007322	IEA	GO_REF:0000043	UniProtKB-KW:KW-0347	9606	UniProt		F
UniProtKB	Q96RR1	TWNK	enables	GO:0043139	5'-3' DNA helicase activity	ECO:0000256	IEA	GO_REF:0000002	InterPro:IPR027032	9606	InterPro		F
UniProtKB	Q96RR1	TWNK	enables	GO:0043139	5'-3' DNA helicase activity	ECO:0000314	IDA	PMID:12975372		9606	UniProt		F
UniProtKB	Q96RR1	TWNK	enables	GO:0043139	5'-3' DNA helicase activity	ECO:0000314	IDA	PMID:15167897		9606	FlyBase		F
UniProtKB	Q96RR1	TWNK	enables	GO:0043139	5'-3' DNA helicase activity	ECO:0000314	IDA	PMID:18971204		9606	UniProt		F
UniProtKB	Q96RR1	TWNK	enables	GO:0043139	5'-3' DNA helicase activity	ECO:0000314	IDA	PMID:34950192		9606	FlyBase		F
UniProtKB	Q96S55	WRNIP1	enables	GO:0017116	single-stranded DNA helicase activity	ECO:0000318	IBA	GO_REF:0000033	PANTHER:PTN000349879|SGD:S000005162	9606	GO_Central		F
UniProtKB	Q9BQ39	DDX50	enables	GO:0003724	RNA helicase activity	ECO:0000501	IEA	GO_REF:0000003	EC:3.6.4.13	9606	UniProt		F
UniProtKB	Q9BQ39	DDX50	enables	GO:0003724	RNA helicase activity	ECO:0000318	IBA	GO_REF:0000033	FB:FBgn0263231|FB:FBgn0283442|MGI:MGI:1353582|PANTHER:PTN002774595|PomBase:SPAC17G6.14c|RGD:619906|RGD:68381|SGD:S000002242|SGD:S000003046|SGD:S000005056|SGD:S000005572|SGD:S000005730|TAIR:locus:2084178|TAIR:locus:2147987|TAIR:locus:2167903|UniProtKB:O00571|UniProtKB:P17844|UniProtKB:P38919|UniProtKB:Q13838|UniProtKB:Q8IL13|UniProtKB:Q9NR30|UniProtKB:Q9UJV9|WB:WBGene00001598|WB:WBGene00001599|Xenbase:XB-GENE-999731	9606	GO_Central		F
UniProtKB	Q9BQ39	DDX50	enables	GO:0004386	helicase activity	ECO:0000501	IEA	GO_REF:0000120	InterPro:IPR012562|UniProtKB-KW:KW-0347	9606	UniProt		F
UniProtKB	Q9BUQ8	DDX23	NOT|enables	GO:0004386	helicase activity	ECO:0000314	IDA	PMID:9539711		9606	HGNC-UCL		F
UniProtKB	Q9BUQ8	DDX23	enables	GO:0003724	RNA helicase activity	ECO:0000304	TAS	PMID:9409622		9606	PINC		F
UniProtKB	Q9BUQ8	DDX23	enables	GO:0003724	RNA helicase activity	ECO:0000304	TAS	Reactome:R-HSA-9770142		9606	Reactome		F
UniProtKB	Q9BVC3	DSCC1	contributes_to	GO:0017116	single-stranded DNA helicase activity	ECO:0000314	IDA	PMID:12930902		9606	UniProt		F
UniProtKB	Q9BX63	BRIP1	enables	GO:0003678	DNA helicase activity	ECO:0000256	IEA	GO_REF:0000002	InterPro:IPR006554|InterPro:IPR010614|InterPro:IPR013020	9606	InterPro		F
UniProtKB	Q9BX63	BRIP1	enables	GO:0003678	DNA helicase activity	ECO:0000318	IBA	GO_REF:0000033	CGD:CAL0000192893|MGI:MGI:2139369|PANTHER:PTN000158192|SGD:S000000973|SGD:S000005929|UniProtKB:P18074|UniProtKB:P27296|UniProtKB:P76257|UniProtKB:Q8I2H7|UniProtKB:Q96FC9|UniProtKB:Q9BX63|UniProtKB:Q9NZ71	9606	GO_Central		F
UniProtKB	Q9BX63	BRIP1	enables	GO:0003678	DNA helicase activity	ECO:0000303	NAS	PMID:11301010		9606	UniProt		F
UniProtKB	Q9BX63	BRIP1	enables	GO:0003724	RNA helicase activity	ECO:0000501	IEA	GO_REF:0000003	EC:3.6.4.13	9606	UniProt		F
UniProtKB	Q9BX63	BRIP1	enables	GO:0004386	helicase activity	ECO:0000501	IEA	GO_REF:0000120	InterPro:IPR006555|UniProtKB-KW:KW-0347	9606	UniProt		F
UniProtKB	Q9BX63	BRIP1	enables	GO:0043139	5'-3' DNA helicase activity	ECO:0000314	IDA	PMID:14983014		9606	HGNC		F
UniProtKB	Q9BX63	BRIP1	enables	GO:0043139	5'-3' DNA helicase activity	ECO:0000314	IDA	PMID:36608669		9606	UniProt		F
UniProtKB	Q9BXT6	MOV10L1	enables	GO:0003724	RNA helicase activity	ECO:0000501	IEA	GO_REF:0000003	EC:3.6.4.13	9606	UniProt		F
UniProtKB	Q9BXT6	MOV10L1	enables	GO:0003724	RNA helicase activity	ECO:0000250	ISS	GO_REF:0000024	UniProtKB:Q99MV5	9606	UniProt		F
UniProtKB	Q9BXT6	MOV10L1	enables	GO:0003724	RNA helicase activity	ECO:0000303	NAS	PMID:11279525		9606	UniProt		F
UniProtKB	Q9BXT6	MOV10L1	enables	GO:0004386	helicase activity	ECO:0000501	IEA	GO_REF:0000120	InterPro:IPR041677|UniProtKB-KW:KW-0347	9606	UniProt		F
UniProtKB	Q9BYK8	HELZ2	enables	GO:0003724	RNA helicase activity	ECO:0000314	IDA	PMID:37602378		9606	UniProt		F
UniProtKB	Q9BYK8	HELZ2	enables	GO:0004386	helicase activity	ECO:0000501	IEA	GO_REF:0000120	InterPro:IPR041677|UniProtKB-KW:KW-0347	9606	UniProt		F
UniProtKB	Q9BYX4	IFIH1	enables	GO:0003724	RNA helicase activity	ECO:0000501	IEA	GO_REF:0000003	EC:3.6.4.13	9606	UniProt		F
UniProtKB	Q9BYX4	IFIH1	enables	GO:0003724	RNA helicase activity	ECO:0000315	IMP	PMID:19211564		9606	UniProt		F
UniProtKB	Q9BYX4	IFIH1	enables	GO:0004386	helicase activity	ECO:0007322	IEA	GO_REF:0000043	UniProtKB-KW:KW-0347	9606	UniProt		F
UniProtKB	Q9GZR7	DDX24	enables	GO:0003724	RNA helicase activity	ECO:0000501	IEA	GO_REF:0000120	InterPro:IPR014014|EC:3.6.4.13	9606	UniProt		F
UniProtKB	Q9GZR7	DDX24	enables	GO:0003724	RNA helicase activity	ECO:0000303	NAS	PMID:10936056		9606	UniProt		F
UniProtKB	Q9GZR7	DDX24	enables	GO:0004386	helicase activity	ECO:0007322	IEA	GO_REF:0000043	UniProtKB-KW:KW-0347	9606	UniProt		F
UniProtKB	Q9H0S4	DDX47	enables	GO:0003724	RNA helicase activity	ECO:0000501	IEA	GO_REF:0000120	InterPro:IPR014014|EC:3.6.4.13	9606	UniProt		F
UniProtKB	Q9H0S4	DDX47	enables	GO:0004386	helicase activity	ECO:0007322	IEA	GO_REF:0000043	UniProtKB-KW:KW-0347	9606	UniProt		F
UniProtKB	Q9H2U1	DHX36	enables	GO:0003678	DNA helicase activity	ECO:0000318	IBA	GO_REF:0000033	FB:FBgn0032883|MGI:MGI:1919412|PANTHER:PTN001053965|UniProtKB:Q9H2U1	9606	GO_Central		F
UniProtKB	Q9H2U1	DHX36	enables	GO:0003678	DNA helicase activity	ECO:0000265	IEA	GO_REF:0000107	UniProtKB:Q8VHK9|ensembl:ENSMUSP00000029336	9606	Ensembl		F
UniProtKB	Q9H2U1	DHX36	enables	GO:0003678	DNA helicase activity	ECO:0000314	IDA	PMID:16150737		9606	UniProt		F
UniProtKB	Q9H2U1	DHX36	enables	GO:0003678	DNA helicase activity	ECO:0000314	IDA	PMID:18842585		9606	UniProt		F
UniProtKB	Q9H2U1	DHX36	enables	GO:0003678	DNA helicase activity	ECO:0000314	IDA	PMID:25579584		9606	UniProt		F
UniProtKB	Q9H2U1	DHX36	enables	GO:0003724	RNA helicase activity	ECO:0000501	IEA	GO_REF:0000003	EC:3.6.4.13	9606	UniProt		F
UniProtKB	Q9H2U1	DHX36	enables	GO:0003724	RNA helicase activity	ECO:0000318	IBA	GO_REF:0000033	FB:FBgn0032883|MGI:MGI:1920081|PANTHER:PTN001053965|UniProtKB:Q7L2E3|UniProtKB:Q9H2U1	9606	GO_Central		F
UniProtKB	Q9H2U1	DHX36	enables	GO:0003724	RNA helicase activity	ECO:0000314	IDA	PMID:14731398		9606	UniProt		F
UniProtKB	Q9H2U1	DHX36	enables	GO:0003724	RNA helicase activity	ECO:0000314	IDA	PMID:18842585		9606	UniProt		F
UniProtKB	Q9H2U1	DHX36	enables	GO:0003724	RNA helicase activity	ECO:0000314	IDA	PMID:21846770		9606	UniProt		F
UniProtKB	Q9H2U1	DHX36	enables	GO:0004386	helicase activity	ECO:0007322	IEA	GO_REF:0000043	UniProtKB-KW:KW-0347	9606	UniProt		F
UniProtKB	Q9H4L7	SMARCAD1	enables	GO:0004386	helicase activity	ECO:0007322	IEA	GO_REF:0000043	UniProtKB-KW:KW-0347	9606	UniProt		F
UniProtKB	Q9H5Z1	DHX35	enables	GO:0003724	RNA helicase activity	ECO:0000501	IEA	GO_REF:0000003	EC:3.6.4.13	9606	UniProt		F
UniProtKB	Q9H5Z1	DHX35	enables	GO:0004386	helicase activity	ECO:0000318	IBA	GO_REF:0000033	FB:FBgn0002774|FB:FBgn0032883|MGI:MGI:1919412|MGI:MGI:1920081|MGI:MGI:2448561|PANTHER:PTN008360424|PomBase:SPBC1711.17|SGD:S000000815|SGD:S000001561|SGD:S000003088|SGD:S000004735|UniProtKB:O43143|UniProtKB:P43329|UniProtKB:Q08211|UniProtKB:Q28141|UniProtKB:Q581T1|UniProtKB:Q7L2E3|UniProtKB:Q9H2U1|UniProtKB:Q9H6S0	9606	GO_Central		F
UniProtKB	Q9H5Z1	DHX35	enables	GO:0004386	helicase activity	ECO:0007322	IEA	GO_REF:0000043	UniProtKB-KW:KW-0347	9606	UniProt		F
UniProtKB	Q9H611	PIF1	enables	GO:0003678	DNA helicase activity	ECO:0000256	IEA	GO_REF:0000002	InterPro:IPR010285	9606	InterPro		F
UniProtKB	Q9H611	PIF1	enables	GO:0004386	helicase activity	ECO:0007322	IEA	GO_REF:0000043	UniProtKB-KW:KW-0347	9606	UniProt		F
UniProtKB	Q9H611	PIF1	enables	GO:0017116	single-stranded DNA helicase activity	ECO:0000314	IDA	PMID:16522649		9606	HGNC-UCL		F
UniProtKB	Q9H611	PIF1	enables	GO:0033678	5'-3' DNA/RNA helicase activity	ECO:0000314	IDA	PMID:16522649		9606	HGNC-UCL	part_of(GO:0032211)	F
UniProtKB	Q9H611	PIF1	enables	GO:0033678	5'-3' DNA/RNA helicase activity	ECO:0000304	TAS	Reactome:R-HSA-163120		9606	Reactome		F
UniProtKB	Q9H611	PIF1	enables	GO:0043139	5'-3' DNA helicase activity	ECO:0000318	IBA	GO_REF:0000033	CGD:CAL0000185430|PANTHER:PTN008385917|PomBase:SPBC887.14c|UniProtKB:Q580X6|UniProtKB:Q9H611	9606	GO_Central		F
UniProtKB	Q9H611	PIF1	enables	GO:0043139	5'-3' DNA helicase activity	ECO:0000256	IEA	GO_REF:0000104	UniRule:UR000112749	9606	UniProt		F
UniProtKB	Q9H611	PIF1	enables	GO:0043139	5'-3' DNA helicase activity	ECO:0000314	IDA	PMID:16522649		9606	HGNC-UCL		F
UniProtKB	Q9H6R0	DHX33	enables	GO:0003724	RNA helicase activity	ECO:0000501	IEA	GO_REF:0000003	EC:3.6.4.13	9606	UniProt		F
UniProtKB	Q9H6R0	DHX33	enables	GO:0004386	helicase activity	ECO:0000318	IBA	GO_REF:0000033	FB:FBgn0002774|FB:FBgn0032883|MGI:MGI:1919412|MGI:MGI:1920081|MGI:MGI:2448561|PANTHER:PTN008360424|PomBase:SPBC1711.17|SGD:S000000815|SGD:S000001561|SGD:S000003088|SGD:S000004735|UniProtKB:O43143|UniProtKB:P43329|UniProtKB:Q08211|UniProtKB:Q28141|UniProtKB:Q581T1|UniProtKB:Q7L2E3|UniProtKB:Q9H2U1|UniProtKB:Q9H6S0	9606	GO_Central		F
UniProtKB	Q9H6R0	DHX33	enables	GO:0004386	helicase activity	ECO:0007322	IEA	GO_REF:0000043	UniProtKB-KW:KW-0347	9606	UniProt		F
UniProtKB	Q9H6S0	YTHDC2	enables	GO:0003724	RNA helicase activity	ECO:0000501	IEA	GO_REF:0000003	EC:3.6.4.13	9606	UniProt		F
UniProtKB	Q9H6S0	YTHDC2	enables	GO:0004386	helicase activity	ECO:0000318	IBA	GO_REF:0000033	FB:FBgn0002774|FB:FBgn0032883|MGI:MGI:1919412|MGI:MGI:1920081|MGI:MGI:2448561|PANTHER:PTN008360424|PomBase:SPBC1711.17|SGD:S000000815|SGD:S000001561|SGD:S000003088|SGD:S000004735|UniProtKB:O43143|UniProtKB:P43329|UniProtKB:Q08211|UniProtKB:Q28141|UniProtKB:Q581T1|UniProtKB:Q7L2E3|UniProtKB:Q9H2U1|UniProtKB:Q9H6S0	9606	GO_Central		F
UniProtKB	Q9H6S0	YTHDC2	enables	GO:0004386	helicase activity	ECO:0007322	IEA	GO_REF:0000043	UniProtKB-KW:KW-0347	9606	UniProt		F
UniProtKB	Q9H6S0	YTHDC2	enables	GO:0034458	3'-5' RNA helicase activity	ECO:0000501	IEA	GO_REF:0000120	ARBA:ARBA00092795|UniProtKB:B2RR83|ensembl:ENSMUSP00000048340	9606	UniProt		F
UniProtKB	Q9H6S0	YTHDC2	enables	GO:0034458	3'-5' RNA helicase activity	ECO:0000314	IDA	PMID:29033321		9606	UniProt		F
UniProtKB	Q9H8H2	DDX31	enables	GO:0003724	RNA helicase activity	ECO:0000501	IEA	GO_REF:0000120	InterPro:IPR014014|EC:3.6.4.13	9606	UniProt		F
UniProtKB	Q9H8H2	DDX31	enables	GO:0004386	helicase activity	ECO:0007322	IEA	GO_REF:0000043	UniProtKB-KW:KW-0347	9606	UniProt		F
UniProtKB	Q9HCE1	MOV10	enables	GO:0003724	RNA helicase activity	ECO:0000501	IEA	GO_REF:0000003	EC:3.6.4.13	9606	UniProt		F
UniProtKB	Q9HCE1	MOV10	enables	GO:0004386	helicase activity	ECO:0000501	IEA	GO_REF:0000120	InterPro:IPR041677|UniProtKB-KW:KW-0347	9606	UniProt		F
UniProtKB	Q9HCE1	MOV10	enables	GO:0032574	5'-3' RNA helicase activity	ECO:0000256	IEA	GO_REF:0000002	InterPro:IPR026122	9606	InterPro		F
UniProtKB	Q9HCE1	MOV10	enables	GO:0032574	5'-3' RNA helicase activity	ECO:0000314	IDA	PMID:24726324		9606	UniProt		F
UniProtKB	Q9HCK8	CHD8	enables	GO:0003678	DNA helicase activity	ECO:0000256	IEA	GO_REF:0000104	UniRule:UR000369261	9606	UniProt		F
UniProtKB	Q9NQI0	DDX4	enables	GO:0003724	RNA helicase activity	ECO:0000318	IBA	GO_REF:0000033	FB:FBgn0263231|FB:FBgn0283442|MGI:MGI:1353582|PANTHER:PTN002774595|PomBase:SPAC17G6.14c|RGD:619906|RGD:68381|SGD:S000002242|SGD:S000003046|SGD:S000005056|SGD:S000005572|SGD:S000005730|TAIR:locus:2084178|TAIR:locus:2147987|TAIR:locus:2167903|UniProtKB:O00571|UniProtKB:P17844|UniProtKB:P38919|UniProtKB:Q13838|UniProtKB:Q8IL13|UniProtKB:Q9NR30|UniProtKB:Q9UJV9|WB:WBGene00001598|WB:WBGene00001599|Xenbase:XB-GENE-999731	9606	GO_Central		F
UniProtKB	Q9NQI0	DDX4	enables	GO:0003724	RNA helicase activity	ECO:0000501	IEA	GO_REF:0000120	InterPro:IPR014014|EC:3.6.4.13	9606	UniProt		F
UniProtKB	Q9NQI0	DDX4	enables	GO:0004386	helicase activity	ECO:0007322	IEA	GO_REF:0000043	UniProtKB-KW:KW-0347	9606	UniProt		F
UniProtKB	Q9NR30	DDX21	enables	GO:0003724	RNA helicase activity	ECO:0000501	IEA	GO_REF:0000003	EC:3.6.4.13	9606	UniProt		F
UniProtKB	Q9NR30	DDX21	enables	GO:0003724	RNA helicase activity	ECO:0000318	IBA	GO_REF:0000033	FB:FBgn0263231|FB:FBgn0283442|MGI:MGI:1353582|PANTHER:PTN002774595|PomBase:SPAC17G6.14c|RGD:619906|RGD:68381|SGD:S000002242|SGD:S000003046|SGD:S000005056|SGD:S000005572|SGD:S000005730|TAIR:locus:2084178|TAIR:locus:2147987|TAIR:locus:2167903|UniProtKB:O00571|UniProtKB:P17844|UniProtKB:P38919|UniProtKB:Q13838|UniProtKB:Q8IL13|UniProtKB:Q9NR30|UniProtKB:Q9UJV9|WB:WBGene00001598|WB:WBGene00001599|Xenbase:XB-GENE-999731	9606	GO_Central		F
UniProtKB	Q9NR30	DDX21	enables	GO:0003724	RNA helicase activity	ECO:0000315	IMP	PMID:25470060		9606	UniProt		F
UniProtKB	Q9NR30	DDX21	enables	GO:0003724	RNA helicase activity	ECO:0000314	IDA	PMID:28790157		9606	UniProt		F
UniProtKB	Q9NR30	DDX21	enables	GO:0003724	RNA helicase activity	ECO:0000304	TAS	PMID:8614622		9606	PINC		F
UniProtKB	Q9NR30	DDX21	enables	GO:0003724	RNA helicase activity	ECO:0000314	IDA	PMID:9461305		9606	UniProt		F
UniProtKB	Q9NR30	DDX21	enables	GO:0004386	helicase activity	ECO:0000501	IEA	GO_REF:0000120	InterPro:IPR012562|UniProtKB-KW:KW-0347	9606	UniProt		F
UniProtKB	Q9NRZ9	HELLS	enables	GO:0004386	helicase activity	ECO:0007322	IEA	GO_REF:0000043	UniProtKB-KW:KW-0347	9606	UniProt		F
UniProtKB	Q9NUL7	DDX28	enables	GO:0003724	RNA helicase activity	ECO:0000501	IEA	GO_REF:0000120	InterPro:IPR014014|EC:3.6.4.13	9606	UniProt		F
UniProtKB	Q9NUL7	DDX28	enables	GO:0004386	helicase activity	ECO:0007322	IEA	GO_REF:0000043	UniProtKB-KW:KW-0347	9606	UniProt		F
UniProtKB	Q9NUU7	DDX19A	enables	GO:0003724	RNA helicase activity	ECO:0000318	IBA	GO_REF:0000033	FB:FBgn0263231|FB:FBgn0283442|MGI:MGI:1353582|PANTHER:PTN002774595|PomBase:SPAC17G6.14c|RGD:619906|RGD:68381|SGD:S000002242|SGD:S000003046|SGD:S000005056|SGD:S000005572|SGD:S000005730|TAIR:locus:2084178|TAIR:locus:2147987|TAIR:locus:2167903|UniProtKB:O00571|UniProtKB:P17844|UniProtKB:P38919|UniProtKB:Q13838|UniProtKB:Q8IL13|UniProtKB:Q9NR30|UniProtKB:Q9UJV9|WB:WBGene00001598|WB:WBGene00001599|Xenbase:XB-GENE-999731	9606	GO_Central		F
UniProtKB	Q9NUU7	DDX19A	enables	GO:0003724	RNA helicase activity	ECO:0000501	IEA	GO_REF:0000120	InterPro:IPR014014|EC:3.6.4.13	9606	UniProt		F
UniProtKB	Q9NUU7	DDX19A	enables	GO:0004386	helicase activity	ECO:0000501	IEA	GO_REF:0000120	ARBA:ARBA00026537|UniProtKB-KW:KW-0347	9606	UniProt		F
UniProtKB	Q9NVP1	DDX18	enables	GO:0003724	RNA helicase activity	ECO:0000501	IEA	GO_REF:0000120	InterPro:IPR044773|EC:3.6.4.13	9606	UniProt		F
UniProtKB	Q9NVP1	DDX18	enables	GO:0003724	RNA helicase activity	ECO:0000304	TAS	PMID:8861962		9606	PINC		F
UniProtKB	Q9NVP1	DDX18	enables	GO:0004386	helicase activity	ECO:0007322	IEA	GO_REF:0000043	UniProtKB-KW:KW-0347	9606	UniProt		F
UniProtKB	Q9NXL9	MCM9	contributes_to	GO:0017116	single-stranded DNA helicase activity	ECO:0000318	IBA	GO_REF:0000033	PANTHER:PTN000179711|PomBase:SPBC211.04c|PomBase:SPBC25D12.03c|PomBase:SPCC16A11.17|SGD:S000000119|SGD:S000000406|SGD:S000000758|SGD:S000003169|SGD:S000004264|SGD:S000006223	9606	GO_Central		F
UniProtKB	Q9NXL9	MCM9	enables	GO:0003678	DNA helicase activity	ECO:0000315	IMP	PMID:26300262		9606	UniProt		F
UniProtKB	Q9NXL9	MCM9	enables	GO:0004386	helicase activity	ECO:0007322	IEA	GO_REF:0000043	UniProtKB-KW:KW-0347	9606	UniProt		F
UniProtKB	Q9NXZ2	DDX43	enables	GO:0003724	RNA helicase activity	ECO:0000318	IBA	GO_REF:0000033	FB:FBgn0263231|FB:FBgn0283442|MGI:MGI:1353582|PANTHER:PTN002774595|PomBase:SPAC17G6.14c|RGD:619906|RGD:68381|SGD:S000002242|SGD:S000003046|SGD:S000005056|SGD:S000005572|SGD:S000005730|TAIR:locus:2084178|TAIR:locus:2147987|TAIR:locus:2167903|UniProtKB:O00571|UniProtKB:P17844|UniProtKB:P38919|UniProtKB:Q13838|UniProtKB:Q8IL13|UniProtKB:Q9NR30|UniProtKB:Q9UJV9|WB:WBGene00001598|WB:WBGene00001599|Xenbase:XB-GENE-999731	9606	GO_Central		F
UniProtKB	Q9NXZ2	DDX43	enables	GO:0003724	RNA helicase activity	ECO:0000501	IEA	GO_REF:0000120	InterPro:IPR014014|EC:3.6.4.13	9606	UniProt		F
UniProtKB	Q9NXZ2	DDX43	enables	GO:0003724	RNA helicase activity	ECO:0000304	TAS	PMID:10919659		9606	PINC		F
UniProtKB	Q9NXZ2	DDX43	enables	GO:0004386	helicase activity	ECO:0007322	IEA	GO_REF:0000043	UniProtKB-KW:KW-0347	9606	UniProt		F
UniProtKB	Q9NY93	DDX56	enables	GO:0003724	RNA helicase activity	ECO:0000501	IEA	GO_REF:0000120	InterPro:IPR014014|EC:3.6.4.13	9606	UniProt		F
UniProtKB	Q9NY93	DDX56	enables	GO:0003724	RNA helicase activity	ECO:0000304	TAS	PMID:10749921		9606	PINC		F
UniProtKB	Q9NY93	DDX56	enables	GO:0004386	helicase activity	ECO:0007322	IEA	GO_REF:0000043	UniProtKB-KW:KW-0347	9606	UniProt		F
UniProtKB	Q9NZ71	RTEL1	enables	GO:0003678	DNA helicase activity	ECO:0000318	IBA	GO_REF:0000033	CGD:CAL0000192893|MGI:MGI:2139369|PANTHER:PTN000158192|SGD:S000000973|SGD:S000005929|UniProtKB:P18074|UniProtKB:P27296|UniProtKB:P76257|UniProtKB:Q8I2H7|UniProtKB:Q96FC9|UniProtKB:Q9BX63|UniProtKB:Q9NZ71	9606	GO_Central		F
UniProtKB	Q9NZ71	RTEL1	enables	GO:0003678	DNA helicase activity	ECO:0000501	IEA	GO_REF:0000120	ARBA:ARBA00029227|UniProtKB:Q0VGM9|ensembl:ENSMUSP00000053120|InterPro:IPR006554|InterPro:IPR010614|InterPro:IPR013020|InterPro:IPR030845|UniRule:UR000161053	9606	UniProt		F
UniProtKB	Q9NZ71	RTEL1	enables	GO:0003678	DNA helicase activity	ECO:0000315	IMP	PMID:18957201		9606	UniProt		F
UniProtKB	Q9NZ71	RTEL1	enables	GO:0003678	DNA helicase activity	ECO:0000250	ISS	PMID:24115439	UniProtKB:Q0VGM9	9606	BHF-UCL	part_of(GO:1902990)	F
UniProtKB	Q9NZ71	RTEL1	enables	GO:0003678	DNA helicase activity	ECO:0000304	TAS	Reactome:R-HSA-5693589		9606	Reactome		F
UniProtKB	Q9NZ71	RTEL1	enables	GO:0004386	helicase activity	ECO:0000501	IEA	GO_REF:0000120	InterPro:IPR006555|UniProtKB-KW:KW-0347	9606	UniProt		F
UniProtKB	Q9P2E3	ZNFX1	enables	GO:0004386	helicase activity	ECO:0000256	IEA	GO_REF:0000002	InterPro:IPR041677	9606	InterPro		F
UniProtKB	Q9UHI6	DDX20	enables	GO:0003724	RNA helicase activity	ECO:0000318	IBA	GO_REF:0000033	FB:FBgn0263231|FB:FBgn0283442|MGI:MGI:1353582|PANTHER:PTN002774595|PomBase:SPAC17G6.14c|RGD:619906|RGD:68381|SGD:S000002242|SGD:S000003046|SGD:S000005056|SGD:S000005572|SGD:S000005730|TAIR:locus:2084178|TAIR:locus:2147987|TAIR:locus:2167903|UniProtKB:O00571|UniProtKB:P17844|UniProtKB:P38919|UniProtKB:Q13838|UniProtKB:Q8IL13|UniProtKB:Q9NR30|UniProtKB:Q9UJV9|WB:WBGene00001598|WB:WBGene00001599|Xenbase:XB-GENE-999731	9606	GO_Central		F
UniProtKB	Q9UHI6	DDX20	enables	GO:0003724	RNA helicase activity	ECO:0000501	IEA	GO_REF:0000120	InterPro:IPR014014|EC:3.6.4.13	9606	UniProt		F
UniProtKB	Q9UHI6	DDX20	enables	GO:0003724	RNA helicase activity	ECO:0000304	TAS	PMID:10383418		9606	PINC		F
UniProtKB	Q9UHI6	DDX20	enables	GO:0004386	helicase activity	ECO:0007322	IEA	GO_REF:0000043	UniProtKB-KW:KW-0347	9606	UniProt		F
UniProtKB	Q9UHL0	DDX25	enables	GO:0003724	RNA helicase activity	ECO:0000250	ISS	GO_REF:0000024	UniProtKB:Q9QY15	9606	UniProt		F
UniProtKB	Q9UHL0	DDX25	enables	GO:0003724	RNA helicase activity	ECO:0000318	IBA	GO_REF:0000033	FB:FBgn0263231|FB:FBgn0283442|MGI:MGI:1353582|PANTHER:PTN002774595|PomBase:SPAC17G6.14c|RGD:619906|RGD:68381|SGD:S000002242|SGD:S000003046|SGD:S000005056|SGD:S000005572|SGD:S000005730|TAIR:locus:2084178|TAIR:locus:2147987|TAIR:locus:2167903|UniProtKB:O00571|UniProtKB:P17844|UniProtKB:P38919|UniProtKB:Q13838|UniProtKB:Q8IL13|UniProtKB:Q9NR30|UniProtKB:Q9UJV9|WB:WBGene00001598|WB:WBGene00001599|Xenbase:XB-GENE-999731	9606	GO_Central		F
UniProtKB	Q9UHL0	DDX25	enables	GO:0003724	RNA helicase activity	ECO:0000501	IEA	GO_REF:0000120	UniProtKB:Q9QY15|ensembl:ENSMUSP00000034612|InterPro:IPR014014|EC:3.6.4.13	9606	UniProt		F
UniProtKB	Q9UHL0	DDX25	enables	GO:0004386	helicase activity	ECO:0000501	IEA	GO_REF:0000120	ARBA:ARBA00026537|UniProtKB-KW:KW-0347	9606	UniProt		F
UniProtKB	Q9UJA3	MCM8	contributes_to	GO:0017116	single-stranded DNA helicase activity	ECO:0000318	IBA	GO_REF:0000033	PANTHER:PTN000179711|PomBase:SPBC211.04c|PomBase:SPBC25D12.03c|PomBase:SPCC16A11.17|SGD:S000000119|SGD:S000000406|SGD:S000000758|SGD:S000003169|SGD:S000004264|SGD:S000006223	9606	GO_Central		F
UniProtKB	Q9UJA3	MCM8	enables	GO:0004386	helicase activity	ECO:0007322	IEA	GO_REF:0000043	UniProtKB-KW:KW-0347	9606	UniProt		F
UniProtKB	Q9UJV9	DDX41	enables	GO:0003724	RNA helicase activity	ECO:0000318	IBA	GO_REF:0000033	FB:FBgn0263231|FB:FBgn0283442|MGI:MGI:1353582|PANTHER:PTN002774595|PomBase:SPAC17G6.14c|RGD:619906|RGD:68381|SGD:S000002242|SGD:S000003046|SGD:S000005056|SGD:S000005572|SGD:S000005730|TAIR:locus:2084178|TAIR:locus:2147987|TAIR:locus:2167903|UniProtKB:O00571|UniProtKB:P17844|UniProtKB:P38919|UniProtKB:Q13838|UniProtKB:Q8IL13|UniProtKB:Q9NR30|UniProtKB:Q9UJV9|WB:WBGene00001598|WB:WBGene00001599|Xenbase:XB-GENE-999731	9606	GO_Central		F
UniProtKB	Q9UJV9	DDX41	enables	GO:0003724	RNA helicase activity	ECO:0000501	IEA	GO_REF:0000120	InterPro:IPR014014|InterPro:IPR044113|EC:3.6.4.13	9606	UniProt		F
UniProtKB	Q9UJV9	DDX41	enables	GO:0003724	RNA helicase activity	ECO:0000314	IDA	PMID:35613581		9606	UniProt	part_of(GO:0140896),occurs_in(GO:0005829),directly_positively_regulates(GO:0035591)	F
UniProtKB	Q9UJV9	DDX41	enables	GO:0004386	helicase activity	ECO:0007322	IEA	GO_REF:0000043	UniProtKB-KW:KW-0347	9606	UniProt		F
UniProtKB	Q9UMR2	DDX19B	enables	GO:0003724	RNA helicase activity	ECO:0000318	IBA	GO_REF:0000033	FB:FBgn0263231|FB:FBgn0283442|MGI:MGI:1353582|PANTHER:PTN002774595|PomBase:SPAC17G6.14c|RGD:619906|RGD:68381|SGD:S000002242|SGD:S000003046|SGD:S000005056|SGD:S000005572|SGD:S000005730|TAIR:locus:2084178|TAIR:locus:2147987|TAIR:locus:2167903|UniProtKB:O00571|UniProtKB:P17844|UniProtKB:P38919|UniProtKB:Q13838|UniProtKB:Q8IL13|UniProtKB:Q9NR30|UniProtKB:Q9UJV9|WB:WBGene00001598|WB:WBGene00001599|Xenbase:XB-GENE-999731	9606	GO_Central		F
UniProtKB	Q9UMR2	DDX19B	enables	GO:0003724	RNA helicase activity	ECO:0000501	IEA	GO_REF:0000120	InterPro:IPR014014|EC:3.6.4.13	9606	UniProt		F
UniProtKB	Q9UMR2	DDX19B	enables	GO:0004386	helicase activity	ECO:0000501	IEA	GO_REF:0000120	ARBA:ARBA00026537|UniProtKB-KW:KW-0347	9606	UniProt		F
UniProtKB	Q9UMR2	DDX19B	enables	GO:0004386	helicase activity	ECO:0000304	TAS	PMID:10428971		9606	PINC		F
UniProtKB	Q9UNY4	TTF2	enables	GO:0004386	helicase activity	ECO:0007322	IEA	GO_REF:0000043	UniProtKB-KW:KW-0347	9606	UniProt		F
UniProtKB	Q9UPY3	DICER1	enables	GO:0004386	helicase activity	ECO:0007322	IEA	GO_REF:0000043	UniProtKB-KW:KW-0347	9606	UniProt		F
UniProtKB	Q9Y230	RUVBL2	enables	GO:0003678	DNA helicase activity	ECO:0000318	IBA	GO_REF:0000033	PANTHER:PTN000120244|RGD:68373|SGD:S000002598|SGD:S000006156|UniProtKB:Q8IAT2|UniProtKB:Q8ID85|UniProtKB:Q8IIU3|UniProtKB:Q9Y230|UniProtKB:Q9Y265	9606	GO_Central		F
UniProtKB	Q9Y230	RUVBL2	enables	GO:0003678	DNA helicase activity	ECO:0000304	TAS	PMID:10428817		9606	PINC		F
UniProtKB	Q9Y230	RUVBL2	enables	GO:0003678	DNA helicase activity	ECO:0000314	IDA	PMID:10524211		9606	UniProt		F
UniProtKB	Q9Y230	RUVBL2	enables	GO:0004386	helicase activity	ECO:0007322	IEA	GO_REF:0000043	UniProtKB-KW:KW-0347	9606	UniProt		F
UniProtKB	Q9Y265	RUVBL1	enables	GO:0003678	DNA helicase activity	ECO:0000318	IBA	GO_REF:0000033	PANTHER:PTN000120244|RGD:68373|SGD:S000002598|SGD:S000006156|UniProtKB:Q8IAT2|UniProtKB:Q8ID85|UniProtKB:Q8IIU3|UniProtKB:Q9Y230|UniProtKB:Q9Y265	9606	GO_Central		F
UniProtKB	Q9Y265	RUVBL1	enables	GO:0003678	DNA helicase activity	ECO:0000314	IDA	PMID:9843967		9606	UniProt		F
UniProtKB	Q9Y265	RUVBL1	enables	GO:0004386	helicase activity	ECO:0007322	IEA	GO_REF:0000043	UniProtKB-KW:KW-0347	9606	UniProt		F
UniProtKB	Q9Y2R4	DDX52	enables	GO:0003724	RNA helicase activity	ECO:0000501	IEA	GO_REF:0000120	InterPro:IPR014014|InterPro:IPR044764|EC:3.6.4.13	9606	UniProt		F
UniProtKB	Q9Y2R4	DDX52	enables	GO:0004386	helicase activity	ECO:0007322	IEA	GO_REF:0000043	UniProtKB-KW:KW-0347	9606	UniProt		F
UniProtKB	Q9Y4B4	RAD54L2	enables	GO:0004386	helicase activity	ECO:0007322	IEA	GO_REF:0000043	UniProtKB-KW:KW-0347	9606	UniProt		F
UniProtKB	Q9Y620	RAD54B	enables	GO:0003678	DNA helicase activity	ECO:0000304	TAS	PMID:10362364		9606	PINC		F
UniProtKB	Q9Y620	RAD54B	enables	GO:0003724	RNA helicase activity	ECO:0000304	TAS	PMID:10362364		9606	PINC		F
UniProtKB	Q9Y620	RAD54B	enables	GO:0004386	helicase activity	ECO:0007322	IEA	GO_REF:0000043	UniProtKB-KW:KW-0347	9606	UniProt		F
UniProtKB	Q9Y6V7	DDX49	enables	GO:0003724	RNA helicase activity	ECO:0000501	IEA	GO_REF:0000120	ARBA:ARBA00028402|InterPro:IPR014014|EC:3.6.4.13	9606	UniProt		F
UniProtKB	Q9Y6V7	DDX49	enables	GO:0003724	RNA helicase activity	ECO:0000314	IDA	PMID:29618122		9606	UniProt		F
UniProtKB	Q9Y6V7	DDX49	enables	GO:0004386	helicase activity	ECO:0007322	IEA	GO_REF:0000043	UniProtKB-KW:KW-0347	9606	UniProt		F
