score	percentile	total_obs	total_exp
AM	0	2335	1913.17908
AM	1	2139	1949.67307
AM	2	2014	1841.90905
AM	3	1745	1721.54611
AM	4	1707	1688.50794
AM	5	1578	1653.06219
AM	6	1543	1606.71719
AM	7	1546	1519.33527
AM	8	1526	1580.03528
AM	9	1494	1521.89599
AM	10	1360	1487.85542
AM	11	1342	1447.38683
AM	12	1363	1426.28934
AM	13	1292	1404.32366
AM	14	1246	1410.3167
AM	15	1231	1349.32003
AM	16	1232	1343.03002
AM	17	1312	1371.17403
AM	18	1185	1321.4008
AM	19	1262	1357.922766
AM	20	1210	1313.62243
AM	21	1246	1317.0184
AM	22	1134	1308.0236
AM	23	1143	1283.56931
AM	24	1111	1264.35482
AM	25	1192	1303.46705
AM	26	1056	1267.92902
AM	27	1132	1260.0993
AM	28	1142	1300.62319
AM	29	1105	1279.8474
AM	30	1085	1266.2884
AM	31	1146	1269.6448
AM	32	1095	1261.40188
AM	33	1175	1311.69537
AM	34	1069	1268.68793
AM	35	1100	1305.6054
AM	36	1100	1308.79487
AM	37	1081	1316.0209
AM	38	1078	1316.3224
AM	39	1133	1297.53218
AM	40	1115	1334.53671
AM	41	1096	1307.7829
AM	42	1117	1300.55301
AM	43	1101	1333.5886
AM	44	1196	1388.8041
AM	45	1186	1382.30631
AM	46	1091	1373.7614
AM	47	1163	1412.551
AM	48	1177	1440.3953
AM	49	1147	1414.80719
AM	50	1163	1445.7795
AM	51	1173	1449.27116
AM	52	1091	1421.1828
AM	53	1153	1481.94
AM	54	1149	1485.387
AM	55	1143	1480.69421
AM	56	1095	1500.1428
AM	57	1170	1515.3088
AM	58	1102	1519.1471
AM	59	1173	1584.84865
AM	60	1118	1542.2757
AM	61	1072	1516.3533
AM	62	1196	1563.3025
AM	63	1139	1570.9069
AM	64	1092	1582.5292
AM	65	1167	1624.21749
AM	66	1170	1626.531
AM	67	1022	1545.4015
AM	68	1184	1631.2192
AM	69	1075	1596.4553
AM	70	1079	1639.3868
AM	71	1123	1631.6362
AM	72	1016	1604.3693
AM	73	1021	1604.2726
AM	74	1032	1643.5594
AM	75	988	1599.3131
AM	76	1007	1623.0954
AM	77	955	1637.5059
AM	78	964	1634.1301
AM	79	925	1649.6854
AM	80	942	1659.0636
AM	81	920	1656.5586
AM	82	904	1711.2195
AM	83	887	1688.5665
AM	84	873	1688.9527
AM	85	814	1690.1135
AM	86	833	1723.6577
AM	87	773	1764.152
AM	88	778	1782.5668
AM	89	716	1771.2621
AM	90	772	1781.7199
AM	91	724	1918.1008
AM	92	665	1939.9497
AM	93	652	1975.1848
AM	94	669	2096.6598
AM	95	623	2206.7236
AM	96	570	2398.1006
AM	97	550	2575.3219
AM	98	511	2926.8382
AM	99	474	4083.48138
ESM_1v_neg	0	703	794.32948
ESM_1v_neg	1	895	1037.8119
ESM_1v_neg	2	909	1096.48611
ESM_1v_neg	3	969	1175.20251
ESM_1v_neg	4	1038	1242.65126
ESM_1v_neg	5	1059	1262.25742
ESM_1v_neg	6	1045	1278.94846
ESM_1v_neg	7	963	1230.06859
ESM_1v_neg	8	1077	1254.480593
ESM_1v_neg	9	1074	1266.80858
ESM_1v_neg	10	1084	1315.82735
ESM_1v_neg	11	1146	1318.98284
ESM_1v_neg	12	1043	1315.24549
ESM_1v_neg	13	1132	1322.8611
ESM_1v_neg	14	1112	1342.9424
ESM_1v_neg	15	1107	1333.09595
ESM_1v_neg	16	1093	1326.08016
ESM_1v_neg	17	1105	1338.15837
ESM_1v_neg	18	1051	1307.54653
ESM_1v_neg	19	1057	1327.60122
ESM_1v_neg	20	999	1342.893269
ESM_1v_neg	21	1102	1336.07295
ESM_1v_neg	22	1013	1297.89339
ESM_1v_neg	23	1088	1317.39861
ESM_1v_neg	24	1050	1322.67099
ESM_1v_neg	25	1054	1292.58722
ESM_1v_neg	26	1038	1301.47701
ESM_1v_neg	27	1021	1269.54665
ESM_1v_neg	28	1029	1298.61388
ESM_1v_neg	29	984	1266.93678
ESM_1v_neg	30	1045	1316.4384
ESM_1v_neg	31	971	1278.26725
ESM_1v_neg	32	920	1274.3624
ESM_1v_neg	33	973	1315.44568
ESM_1v_neg	34	997	1272.59002
ESM_1v_neg	35	965	1264.83588
ESM_1v_neg	36	954	1250.80253
ESM_1v_neg	37	993	1311.71503
ESM_1v_neg	38	965	1256.68204
ESM_1v_neg	39	963	1268.3653
ESM_1v_neg	40	967	1252.0079
ESM_1v_neg	41	960	1260.00036
ESM_1v_neg	42	880	1176.9071
ESM_1v_neg	43	851	1173.73083
ESM_1v_neg	44	829	1157.2478
ESM_1v_neg	45	873	1148.00925
ESM_1v_neg	46	808	1127.02412
ESM_1v_neg	47	830	1108.303
ESM_1v_neg	48	786	1081.32032
ESM_1v_neg	49	807	1080.4915
ESM_1v_neg	50	758	1047.12241
ESM_1v_neg	51	771	1036.69085
ESM_1v_neg	52	636	954.3753
ESM_1v_neg	53	702	979.9676
ESM_1v_neg	54	648	915.24081
ESM_1v_neg	55	628	887.31743
ESM_1v_neg	56	628	895.12031
ESM_1v_neg	57	639	872.2423
ESM_1v_neg	58	591	877.0243
ESM_1v_neg	59	570	811.4227
ESM_1v_neg	60	559	816.5192
ESM_1v_neg	61	521	760.9981
ESM_1v_neg	62	462	774.5721
ESM_1v_neg	63	501	787.4986
ESM_1v_neg	64	470	741.4551
ESM_1v_neg	65	521	767.3308
ESM_1v_neg	66	466	727.1112
ESM_1v_neg	67	434	723.8046
ESM_1v_neg	68	428	704.66244
ESM_1v_neg	69	462	722.93528
ESM_1v_neg	70	465	730.68239
ESM_1v_neg	71	423	705.65019
ESM_1v_neg	72	441	705.1533
ESM_1v_neg	73	435	733.37331
ESM_1v_neg	74	397	696.10352
ESM_1v_neg	75	391	695.91358
ESM_1v_neg	76	400	702.80173
ESM_1v_neg	77	379	718.81847
ESM_1v_neg	78	388	725.36159
ESM_1v_neg	79	381	717.969722
ESM_1v_neg	80	363	709.57096
ESM_1v_neg	81	343	705.7559
ESM_1v_neg	82	369	718.44507
ESM_1v_neg	83	339	749.65215
ESM_1v_neg	84	347	741.32156
ESM_1v_neg	85	344	736.03923
ESM_1v_neg	86	318	751.345946
ESM_1v_neg	87	312	751.49212
ESM_1v_neg	88	334	815.80552
ESM_1v_neg	89	320	845.94831
ESM_1v_neg	90	333	842.77392
ESM_1v_neg	91	309	872.40715
ESM_1v_neg	92	285	875.29742
ESM_1v_neg	93	278	867.100155
ESM_1v_neg	94	283	901.295569
ESM_1v_neg	95	281	955.48021
ESM_1v_neg	96	294	1023.71447
ESM_1v_neg	97	280	1131.36129
ESM_1v_neg	98	252	1229.42777
ESM_1v_neg	99	265	1884.59628
popEVE_neg	0	459	418.46567
popEVE_neg	1	434	410.88817
popEVE_neg	2	398	419.543424
popEVE_neg	3	434	438.79141
popEVE_neg	4	437	454.979637
popEVE_neg	5	433	468.774059
popEVE_neg	6	489	486.72484
popEVE_neg	7	449	510.17744
popEVE_neg	8	492	511.78495
popEVE_neg	9	492	549.595286
popEVE_neg	10	486	535.69065
popEVE_neg	11	528	572.52776
popEVE_neg	12	536	566.46305
popEVE_neg	13	529	590.61376
popEVE_neg	14	505	586.13456
popEVE_neg	15	542	609.331835
popEVE_neg	16	544	597.71803
popEVE_neg	17	543	611.77408
popEVE_neg	18	591	642.959408
popEVE_neg	19	562	678.20173
popEVE_neg	20	579	686.10075
popEVE_neg	21	650	757.76305
popEVE_neg	22	648	742.33513
popEVE_neg	23	682	791.859119
popEVE_neg	24	736	829.84822
popEVE_neg	25	739	870.8908
popEVE_neg	26	755	915.62913
popEVE_neg	27	771	918.50803
popEVE_neg	28	808	898.459629
popEVE_neg	29	798	967.56719
popEVE_neg	30	774	947.60979
popEVE_neg	31	849	953.67151
popEVE_neg	32	855	987.65067
popEVE_neg	33	855	1037.164529
popEVE_neg	34	834	1028.75286
popEVE_neg	35	889	1036.27875
popEVE_neg	36	838	1026.53148
popEVE_neg	37	838	1008.143156
popEVE_neg	38	860	1080.02988
popEVE_neg	39	878	1093.15097
popEVE_neg	40	875	1100.94606
popEVE_neg	41	875	1116.228975
popEVE_neg	42	938	1176.47862
popEVE_neg	43	921	1163.30107
popEVE_neg	44	896	1155.81734
popEVE_neg	45	933	1199.94237
popEVE_neg	46	933	1184.35961
popEVE_neg	47	947	1188.21272
popEVE_neg	48	907	1190.6899
popEVE_neg	49	888	1146.99712
popEVE_neg	50	931	1190.751291
popEVE_neg	51	888	1142.95443
popEVE_neg	52	935	1178.0386
popEVE_neg	53	891	1154.62196
popEVE_neg	54	902	1140.07592
popEVE_neg	55	916	1155.15648
popEVE_neg	56	857	1115.80603
popEVE_neg	57	899	1150.2114
popEVE_neg	58	863	1109.8453
popEVE_neg	59	860	1146.0739
popEVE_neg	60	859	1121.98897
popEVE_neg	61	850	1118.45507
popEVE_neg	62	880	1124.05162
popEVE_neg	63	827	1111.61544
popEVE_neg	64	831	1090.64568
popEVE_neg	65	844	1133.0155
popEVE_neg	66	779	1131.8602
popEVE_neg	67	852	1132.2089
popEVE_neg	68	801	1126.0504
popEVE_neg	69	845	1143.20068
popEVE_neg	70	803	1170.67092
popEVE_neg	71	792	1153.98509
popEVE_neg	72	788	1186.6921
popEVE_neg	73	783	1174.95687
popEVE_neg	74	778	1172.22154
popEVE_neg	75	857	1200.3239
popEVE_neg	76	801	1222.941
popEVE_neg	77	761	1191.193
popEVE_neg	78	785	1231.36071
popEVE_neg	79	763	1209.2721
popEVE_neg	80	784	1187.6176
popEVE_neg	81	771	1214.2345
popEVE_neg	82	773	1231.3866
popEVE_neg	83	764	1199.31103
popEVE_neg	84	695	1213.395
popEVE_neg	85	775	1263.9078
popEVE_neg	86	686	1214.0423
popEVE_neg	87	725	1242.6418
popEVE_neg	88	694	1270.5885
popEVE_neg	89	777	1324.2912
popEVE_neg	90	702	1320.4897
popEVE_neg	91	752	1380.6942
popEVE_neg	92	635	1393.71778
popEVE_neg	93	682	1462.162858
popEVE_neg	94	690	1539.4827
popEVE_neg	95	633	1639.80533
popEVE_neg	96	582	1795.83335
popEVE_neg	97	588	2075.33135
popEVE_neg	98	490	2571.78574
popEVE_neg	99	380	3670.826531
