MouseMGIID	MarkerSymbol	MarkerName	MouseSymbol	MouseName	MP_ID	MP_Term	AlleleAccID	HomologyClusterID	HumanNCBIorMGIID	HumanSymbol	HumanName
MGI:99607	Abca1		Abca1		MP:0001922,MP:0001923		Abca1<+>|Abca1<tm1Wpfl>|Abca1<tm1Jdm>|Abca1<tm1Wpfl>	50217116	HGNC:29	ABCA1	
MGI:99606	Abca2		Abca2		MP:0001923		Abca2<tm1Nina>	50227429	HGNC:32	ABCA2	
MGI:97569	Abcb4		Abcb4		MP:0001923		Abcb4<tm1Bor>	50217122	HGNC:45	ABCB4	
MGI:87874	Ace		Ace		MP:0001922		Ace<tm1Keb>|Ace<tm1Unc>|Ace<tm2Keb>	50221051	HGNC:2707	ACE	
MGI:87876	Ache		Ache		MP:0001924		Ache<tm4Pata>	50231430	HGNC:108	ACHE	
MGI:1859515	Acrbp		Acrbp		MP:0001922		Acrbp<tm1Tba>	50232961	HGNC:17195	ACRBP	
MGI:1354713	Acsl4		Acsl4		MP:0001923		Acsl4<tm1Tty>|Acsl4<+>	50217177	HGNC:3571	ACSL4	
MGI:1920610	Actrt1		Actrt1		MP:0001922		Actrt1<em1Xwei>	50232970	HGNC:24027	ACTRT1	
MGI:102806	Acvr2a		Acvr2a		MP:0001923		Acvr2a<tm1Hsch>	50217193	HGNC:173	ACVR2A	
MGI:1340894	Adam2		Adam2		MP:0001922		Adam2<tm1Dgm>	50232977	HGNC:198	ADAM2	
MGI:105984	Adam24		Adam24		MP:0001922		Adam24<tm1Pmkf>	50232981	HGNC:203	ADAM24P	
MGI:107247	Adam7		Adam7		MP:0001922		Adam7<tm1Tigm>	50232988	HGNC:214	ADAM7	
MGI:109249	Adamts1		Adamts1		MP:0001923		Adamts1<tm1Hku>|Adamts1<tm1Mapr>	50232155	HGNC:217	ADAMTS1	
MGI:1925044	Adamtsl2		Adamtsl2		MP:0001922		Adamtsl2<stb>	50217208	HGNC:14631	ADAMTSL2	
MGI:99675	Adcy3		Adcy3		MP:0001922,MP:0001923		Adcy3<tm1Drs>	50217214	HGNC:234	ADCY3	
MGI:105094	Adcyap1		Adcyap1		MP:0001923		Adcyap1<tm1Aba>|Adcyap1<tm1Nms>	50217218	HGNC:241	ADCYAP1	
MGI:108449	Adcyap1r1		Adcyap1r1		MP:0001923		Adcyap1r1<+>|Adcyap1r1<tm1Bbt>|Adcyap1r1<tm1Bbt>	50217219	HGNC:242	ADCYAP1R1	
MGI:1340051	Adgrg1		Adgrg1		MP:0001922		Adgrg1<+>|Adgrg1<tm1Lex>	50221438	HGNC:4512	ADGRG1	
MGI:2446854	Adgrg2		Adgrg2		MP:0001922		Adgrg2<tm1Bend>	50222713	HGNC:4516	ADGRG2	
MGI:104774	Adra1b		Adra1b		MP:0001922		Adra1b<tm1Cta>	50229564	HGNC:278	ADRA1B	
MGI:1100819	Aff1		Aff1		MP:0001922		Aff1<Rob>|Aff1<+>	50217257	HGNC:7135	AFF1	
MGI:2159437	Agtpbp1		Agtpbp1		MP:0001922,MP:0001923,MP:0001924		Agtpbp1<pcd-2J>|Agtpbp1<pcd-6J>|Agtpbp1<pcd-8J>|Agtpbp1<pcd>	50218768	HGNC:17258	AGTPBP1	
MGI:105043	Ahr		Ahr		MP:0001923		Ahr<tm1Gonz>	50217279	HGNC:348	AHR	
MGI:1338803	Aire		Aire		MP:0001922,MP:0001924		Aire<tm1Pltn>|Aire<tm1Ptsn>	50227410	HGNC:360	AIRE	
MGI:1353471	Airn		Airn		MP:0001923		Airn<tm2.1Dpb>	50233018	HGNC:34515	AIRN	
MGI:2685080	Ak9		Ak9		MP:0001924		Ak9<em1Mdj>	50217301	HGNC:33814	AK9	
MGI:104729	Akap1		Akap1		MP:0001923		Akap1<tm1Gsm>	50217299	HGNC:367	AKAP1	
MGI:1932576	Akap12		Akap12		MP:0001924		Akap12<tm1Ihg>	50217300	HGNC:370	AKAP12	
MGI:102794	Akap4		Akap4		MP:0001922		Akap4<em1Bbw>	50233024	HGNC:374	AKAP4	
MGI:2144489	Alkbh5		Alkbh5		MP:0001922		Alkbh5<tm1.1Klng>	50230238	HGNC:25996	ALKBH5	
MGI:1277097	Alx3		Alx3		MP:0001923		Alx3<tm1Hubr>	50232642	HGNC:449	ALX3	
MGI:88002	Ambp		Ambp		MP:0001923		Ambp<tm1Kkm>|Ambp<tm1Miya>	50217360	HGNC:453	AMBP	
MGI:88006	Amh		Amh		MP:0001922		Amh<tm1Bhr>	50231939	HGNC:464	AMH	
MGI:105062	Amhr2		Amhr2		MP:0001922		Amhr2<tm1Bhr>	50233042	HGNC:465	AMHR2	
MGI:88024	Ank1		Ank1		MP:0001924		Ank1<nb>	50217379	HGNC:492	ANK1	
MGI:3045421	Ank		Ank		MP:0001922,MP:0001923		Ank<ank>	50217383	HGNC:15492	ANKH	
MGI:5006716	Ankrd31		Ankrd31		MP:0001923		Ankrd31<em1Atot>|Ankrd31<em2Atot>	50233051	HGNC:26853	ANKRD31	
MGI:3576659	Ano5		Ano5		MP:0001922		Ano5<em1Huyi>|Ano5<tm1.2Naga>	50227413	HGNC:27337	ANO5	
MGI:101919	Ap1g1		Ap1g1		MP:0001922		Ap1g1<fgt>	50217242	HGNC:555	AP1G1	
MGI:107734	Ap3d1		Ap3d1		MP:0001923		Ap3d1<mh-4J>	50225876	HGNC:568	AP3D1	
MGI:1306796	Apaf1		Apaf1		MP:0001922,MP:0001923		Apaf1<fog>|Apaf1<tm1Her>	50229977	HGNC:576	APAF1	
MGI:88052	Apob		Apob		MP:0001922		Apob<+>|Apob<tm1Bres>	50217436	HGNC:603	APOB	
MGI:1096865	Aqp2		Aqp2		MP:0001924		Aqp2<cph>	50233087	HGNC:634	AQP2	
MGI:107387	Aqp4		Aqp4		MP:0001923		Aqp4<tm1Gghu>	50226121	HGNC:637	AQP4	
MGI:88064	Ar		Ar		MP:0001922		Ar<tm1Fcl>|Ar<tm4(AR)Dmr>	50217453	HGNC:644	AR	
MGI:2178103	Arhgdia		Arhgdia		MP:0001923		Arhgdia<tm1Ytk>	50228650	HGNC:678	ARHGDIA	
MGI:2175912	Arid5b		Arid5b		MP:0001922		Arid5b<tm1Pjh>	50227364	HGNC:17362	ARID5B	
MGI:88077	Arsa		Arsa		MP:0001922		Arsa<tm1Gie>	50229425	HGNC:713	ARSA	
MGI:2183158	Ash1l		Ash1l		MP:0001922		Ash1l<Gt(AL0395)Wtsi>	50221887	HGNC:19088	ASH1L	
MGI:1914186	Asph		Asph		MP:0001923		Asph<tm1Jed>	50233126	HGNC:757	ASPH	
MGI:1334448	Aspm		Aspm		MP:0001922,MP:0001923		Aspm<Gt(AA0137)Wtsi>|Aspm<Gt(AJ0069)Wtsi>	50221233	HGNC:19048	ASPM	
MGI:3046414	Astl		Astl		MP:0001923		Astl<tm1Dean>|Astl<tm1Lex>	50221120	HGNC:31704	ASTL	
MGI:2444798	Atad2b		Atad2b		MP:0001923		Atad2b<Tg(Tyr)2295B-4Ove>	50226906	HGNC:29230	ATAD2B	
MGI:1913869	Atat1		Atat1		MP:0001922		Atat1<tm1.2Phep>	50224355	HGNC:21186	ATAT1	
MGI:2448730	Atcay		Atcay		MP:0001922		Atcay<ji-hes>	50217774	HGNC:779	ATCAY	
MGI:88096	Atf4		Atf4		MP:0001922		Atf4<tm1Aki>|Atf4<tm1Tow>	50217554	HGNC:786	ATF4	
MGI:107202	Atm		Atm		MP:0001924		Atm<tm1Pmc>	50218983	HGNC:795	ATM	
MGI:104725	Atn1		Atn1		MP:0001922		Atn1<tm1Rexu>	50220777	HGNC:3033	ATN1	
MGI:105368	Atp2b2		Atp2b2		MP:0001924		Atp2b2<dfw-2J>	50225075	HGNC:815	ATP2B2	
MGI:103297	Atp7b		Atp7b		MP:0001923		Atp7b<tx>	50227447	HGNC:870	ATP7B	
MGI:1914581	Atp8b3		Atp8b3		MP:0001922		Atp8b3<tm1Gar>	50226156	HGNC:13535	ATP8B3	
MGI:1330826	Atp9a		Atp9a		MP:0001924		Atp9a<em1Bcgen>	50233144	HGNC:13540	ATP9A	
MGI:1919819	Bbs5		Bbs5		MP:0001924		Bbs5<tm1a(EUCOMM)Wtsi>	50230789	HGNC:970	BBS5	
MGI:88139	Bcl2l1		Bcl2l1		MP:0001923		Bcl2l1<tm1Mam>	50217697	HGNC:992	BCL2L1	
MGI:107187	Bcl6		Bcl6		MP:0001922		Bcl6<tm1Htno>	50217698	HGNC:1001	BCL6	
MGI:88145	Bdnf		Bdnf		MP:0001922		Bdnf<tm2(Ntf5)Jae>	50231672	HGNC:1033	BDNF	
MGI:1346332	Best1		Best1		MP:0001922		Best1<tm1Web>	50225731	HGNC:12703	BEST1	
MGI:1933388	Bicc1		Bicc1		MP:0001924		Bicc1<m1Btlr>	50217731	HGNC:19351	BICC1	
MGI:1096381	Bmal1		Bmal1		MP:0001924		Bmal1<tm1Bra>	50217506	HGNC:701	BMAL1	
MGI:1316745	Bmp15		Bmp15		MP:0001923		Bmp15<tm1Zuk>	50221893	HGNC:1068	BMP15	
MGI:88180	Bmp4		Bmp4		MP:0001923		Bmp4<+>|Bmp4<tm1Blh>	50217765	HGNC:1071	BMP4	
MGI:104515	Bmp8a		Bmp8a		MP:0001922		Bmp8a<tm1Blh>	50217768	HGNC:21650	BMP8A	
MGI:104515	Bmp8a		Bmp8a		MP:0001922		Bmp8a<tm1Blh>	50217768	HGNC:1075	BMP8B	
MGI:1097164	Bnc1		Bnc1		MP:0001923		Bnc1<tm1.1Nju>|Bnc1<tm1.1Nju>|Bnc1<+>	50221454	HGNC:1081	BNC1	
MGI:1913689	Borcs7		Borcs7		MP:0001922		Borcs7<Q87X>	50229915	HGNC:23516	BORCS7	
MGI:1338871	Btrc		Btrc		MP:0001922		Btrc<tm1Paga>	50233225	HGNC:1144	BTRC	
MGI:1100510	Bub1		Bub1		MP:0001922		Bub1<tm3.1Jvd>	50225712	HGNC:1148	BUB1	
MGI:1925368	4930451I11Rik		4930451I11Rik		MP:0001922		4930451I11Rik<em1Nino>|4930451I11Rik<em1Osb>	50233252	HGNC:26346	C16orf92	
MGI:2685917	4930590J08Rik		4930590J08Rik		MP:0001922		4930590J08Rik<em1Qsh>	50233313	HGNC:25320	C3orf20	
MGI:1914181	1700010I14Rik		1700010I14Rik		MP:0001922		1700010I14Rik<em1Osb>	50233333	HGNC:21233	C6orf118	
MGI:88269	Car2		Car2		MP:0001922		Car2<n>	50217921	HGNC:1373	CA2	
MGI:1927065	Cables1		Cables1		MP:0001923		Cables1<tm1Lrz>	50227480	HGNC:25097	CABLES1	
MGI:1918227	Cabs1		Cabs1		MP:0001922		Cabs1<em1Ntu>	50233353	HGNC:30710	CABS1	
MGI:1918382	Cabyr		Cabyr		MP:0001922		Cabyr<em1Osb>	50233354	HGNC:15569	CABYR	
MGI:109482	Cacna1a		Cacna1a		MP:0001922,MP:0001923,MP:0001924		Cacna1a<tg-rol>|Cacna1a<tg>	50217935	HGNC:1388	CACNA1A	
MGI:1929813	Cacna2d2		Cacna2d2		MP:0001922,MP:0001923		Cacna2d2<du-td>|Cacna2d2<du>	50217941	HGNC:1400	CACNA2D2	
MGI:88258	Camk4		Camk4		MP:0001923		Camk4<tm1Arm>	50229206	HGNC:1464	CAMK4	
MGI:1309489	Cask		Cask		MP:0001923		Cask<Tg(Bnlf1)1Wln>	50218042	HGNC:1497	CASK	
MGI:1914327	Catsperz		Catsperz		MP:0001922		Catsperz<tm1(KOMP)Mbp>	50233382	HGNC:19231	CATSPERZ	
MGI:1333833	Cbfa2t2		Cbfa2t2		MP:0001924		Cbfa2t2<em1Dare>	50224515	HGNC:1536	CBFA2T2	
MGI:108515	Cbx3		Cbx3		MP:0001924		Cbx3<Gt(ROSANBetageo)10C2Masn>	50218682	HGNC:1553	CBX3	
MGI:3026882	Ccdc87		Ccdc87		MP:0001922		Ccdc87<tm1(KOMP)Vlcg>	50223447	HGNC:25579	CCDC87	
MGI:108042	Ccna1		Ccna1		MP:0001922		Ccna1<+>|Ccna1<tm1Coll>	50221625	HGNC:1577	CCNA1	
MGI:2685134	Ccnb1ip1		Ccnb1ip1		MP:0001924		Ccnb1ip1<mei4>	50233450	HGNC:19437	CCNB1IP1	
MGI:1329034	Ccne2		Ccne2		MP:0001922		Ccne2<tm1Boa>	50218166	HGNC:1590	CCNE2	
MGI:1333783	Ccs		Ccs		MP:0001923		Ccs<tm1Pcw>	50229825	HGNC:1613	CCS	
MGI:88348	Cd9		Cd9		MP:0001923		Cd9<tm1Bcx>	50233497	HGNC:1709	CD9	
MGI:2442676	Cdc14a		Cdc14a		MP:0001922		Cdc14a<em1Jgao>	50218813	HGNC:1718	CDC14A	
MGI:2441808	Cdc14b		Cdc14b		MP:0001922,MP:0001923		Cdc14b<tm1.2Pzg>	50218812	HGNC:1719	CDC14B	
MGI:2441808	Cdc14b		Cdc14b		MP:0001922,MP:0001923		Cdc14b<tm1.2Pzg>	50218812	HGNC:22427	CDC14C	
MGI:1859866	Cdc20		Cdc20		MP:0001923		Cdc20<Gt(XE368)Byg>|Cdc20<tm1Jvd>	50229108	HGNC:1723	CDC20	
MGI:104772	Cdk2		Cdk2		MP:0001922,MP:0001924		Cdk2<+>|Cdk2<tm1.1Jro>|Cdk2<tm1Kald>|Cdk2<tm1Sgo>	50228579	HGNC:1771	CDK2	
MGI:88357	Cdk4		Cdk4		MP:0001922		Cdk4<tm1Bbd>|Cdk4<tm1Kiyo>	50230190	HGNC:1773	CDK4	
MGI:1277162	Cdk6		Cdk6		MP:0001923		Cdk6<tm1Bbd>	50226402	HGNC:1777	CDK6	
MGI:1342295	Celf1		Celf1		MP:0001922,MP:0001923		Celf1<tm1Cba>	50217810	HGNC:2549	CELF1	
MGI:88376	Cenpb		Cenpb		MP:0001923		Cenpb<tm1Khac>	50233542	HGNC:1852	CENPB	
MGI:1920389	Cenpv		Cenpv		MP:0001923		Cenpv<tm1d(EUCOMM)Hmgu>	50225167	HGNC:29920	CENPV	
MGI:108084	Cep250		Cep250		MP:0001923		Cep250<tm1b(EUCOMM)Wtsi>	50233546	HGNC:1859	CEP250	
MGI:1915185	Ces5a		Ces5a		MP:0001922		Ces5a<em1Zuk>	50218665	HGNC:26459	CES5A	
MGI:1922687	Cfap97d1		Cfap97d1		MP:0001922		Cfap97d1<em1Osb>|Cfap97d1<tm1a(KOMP)Wtsi>	50233562	HGNC:37241	CFAP97D1	
MGI:88388	Cftr		Cftr		MP:0001922,MP:0001923		Cftr<+>|Cftr<tm1Unc>|Cftr<tm1Kth>|Cftr<tm1Unc>	50217128	HGNC:1884	CFTR	
MGI:96782	Lhb		Lhb		MP:0001924		Lhb<tm1Kmr>	50222438	HGNC:16721	CGB1	
MGI:96782	Lhb		Lhb		MP:0001924		Lhb<tm1Kmr>	50222438	HGNC:16722	CGB2	
MGI:96782	Lhb		Lhb		MP:0001924		Lhb<tm1Kmr>	50222438	HGNC:1886	CGB3	
MGI:96782	Lhb		Lhb		MP:0001924		Lhb<tm1Kmr>	50222438	HGNC:16452	CGB5	
MGI:96782	Lhb		Lhb		MP:0001924		Lhb<tm1Kmr>	50222438	HGNC:16451	CGB7	
MGI:96782	Lhb		Lhb		MP:0001924		Lhb<tm1Kmr>	50222438	HGNC:16453	CGB8	
MGI:2444748	Chd7		Chd7		MP:0001922,MP:0001923		Chd7<+>|Chd7<Gt(S20-7E1)Sor>|Chd7<Ome>|Chd7<+>	50226175	HGNC:20626	CHD7	
MGI:1860776	Chdh		Chdh		MP:0001922		Chdh<tm1Zei>	50232626	HGNC:24288	CHDH	
MGI:99779	Chrna7		Chrna7		MP:0001923		Chrna7<tm1Bay>	50218931	HGNC:15781	CHRFAM7A	
MGI:99779	Chrna7		Chrna7		MP:0001923		Chrna7<tm1Bay>	50218931	HGNC:1960	CHRNA7	
MGI:2138283	Chst10		Chst10		MP:0001922,MP:0001923		Chst10<tm1Mifu>	50222922	HGNC:19650	CHST10	
MGI:2384887	Chtf18		Chtf18		MP:0001922		Chtf18<tm1.1KhK>	50229863	HGNC:18435	CHTF18	
MGI:1915349	Cibar1		Cibar1		MP:0001922		Cibar1<tm1b(KOMP)Wtsi>	50220622	HGNC:30452	CIBAR1	
MGI:88417	Clcn1		Clcn1		MP:0001923,MP:0001924		Clcn1<adr-mto6J>|Clcn1<adr>	50219150	HGNC:2019	CLCN1	
MGI:103555	Clcn3		Clcn3		MP:0001922		Clcn3<tm1Lamb>	50221020	HGNC:2021	CLCN3	
MGI:1352754	Clic4		Clic4		MP:0001923		Clic4<tm1Jce>	50218143	HGNC:13518	CLIC4	
MGI:1928401	Clip1		Clip1		MP:0001922		Clip1<tm1Gal>	50219034	HGNC:10461	CLIP1	
MGI:2445153	Clspn		Clspn		MP:0001923		Clspn<tm1(KOMP)Vlcg>|Clspn<+>	50233639	HGNC:19715	CLSPN	
MGI:2142888	Cmtm4		Cmtm4		MP:0001922		Cmtm4<em1Wlh>	50231491	HGNC:19175	CMTM4	
MGI:1918123	Cnbd2		Cnbd2		MP:0001922		Cnbd2<tm1Dwac>	50233646	HGNC:16145	CNBD2	
MGI:1858201	Cntnap1		Cntnap1		MP:0001922		Cntnap1<shm-5J>	50218050	HGNC:8011	CNTNAP1	
MGI:88454	Col4a1		Col4a1		MP:0001924		Col4a1<Bru>|Col4a1<+>	50222201	HGNC:2202	COL4A1	
MGI:3044182	Cox6b2		Cox6b2		MP:0001922		Cox6b2<em1Osb>	50226889	HGNC:24380	COX6B2	
MGI:101932	Cpe		Cpe		MP:0001924		Cpe<fat>	50226188	HGNC:2303	CPE	
MGI:108442	Cpeb1		Cpeb1		MP:0001922		Cpeb1<tm1Rcht>	50218861	HGNC:21744	CPEB1	
MGI:2443075	Cpeb3		Cpeb3		MP:0001923		Cpeb3<em1Gaoxu>|Cpeb3<tm1.2Yshu>	50225878	HGNC:21746	CPEB3	
MGI:104727	Cplx1		Cplx1		MP:0001924		Cplx1<tm2Bros>	50233667	HGNC:2309	CPLX1	
MGI:1913948	Cpsf6		Cpsf6		MP:0001924		Cpsf6<+>|Cpsf6<em1Bcgen>	50228611	HGNC:13871	CPSF6	
MGI:88495	Crem		Crem		MP:0001922		Crem<tm1Saco>|Crem<+>	50222322	HGNC:2352	CREM	
MGI:98815	Crisp2		Crisp2		MP:0001922		Crisp2<tm1a(KOMP)Mbp>	50233676	HGNC:12024	CRISP2	
MGI:88519	Crybb2		Crybb2		MP:0001923		Crybb2<tm1Itl>	50231963	HGNC:2398	CRYBB2	
MGI:1919082	Csl		Csl		MP:0001922		Csl<tm1(KOMP)Vlcg>	50228805	HGNC:2422	CS	
MGI:1339753	Csf1		Csf1		MP:0001922,MP:0001923		Csf1<op>	50219213	HGNC:2432	CSF1	
MGI:1339758	Csf1r		Csf1r		MP:0001922		Csf1r<tm1Ers>	50218872	HGNC:2433	CSF1R	
MGI:95707	Gh		Gh		MP:0001923		Gh<Sma1>|Gh<Sma1>|Gh<+>	50222625	HGNC:2440	CSH1	
MGI:95707	Gh		Gh		MP:0001923		Gh<Sma1>|Gh<Sma1>|Gh<+>	50222625	HGNC:2441	CSH2	
MGI:95707	Gh		Gh		MP:0001923		Gh<Sma1>|Gh<Sma1>|Gh<+>	50222625	HGNC:2442	CSHL1	
MGI:102519	Cst3		Cst3		MP:0001922		Cst3<+>|Cst3<tm1(CST3*L68Q)Cnw>	50233696	HGNC:2475	CST3	
MGI:88275	Ctnna2		Ctnna2		MP:0001922		Ctnna2<cdf>	50223288	HGNC:2510	CTNNA2	
MGI:1914487	Cul4a		Cul4a		MP:0001923		Cul4a<tm1.2Pra>	50230902	HGNC:2554	CUL4A	
MGI:88568	Cux1		Cux1		MP:0001922		Cux1<tm2Ejn>	50219267	HGNC:2557	CUX1	
MGI:1914657	Cylc1		Cylc1		MP:0001922		Cylc1<em1Chnsr>|Cylc1<em2Chnsr>	50233738	HGNC:2582	CYLC1	
MGI:88586	Cyp17a1		Cyp17a1		MP:0001922		Cyp17a1<+>|Cyp17a1<tm1Vpap>	50219307	HGNC:2593	CYP17A1	
MGI:88587	Cyp19a1		Cyp19a1		MP:0001922		Cyp19a1<tm1Esi>|Cyp19a1<tm1Sih>|Cyp19a1<tm1Toda>	50217452	HGNC:2594	CYP19A1	
MGI:91860	Dcaf8		Dcaf8		MP:0001922		Dcaf8<em1Rbren>	50227630	HGNC:24891	DCAF8	
MGI:94872	Dcn		Dcn		MP:0001923		Dcn<tm1Ioz>	50219387	HGNC:2705	DCN	
MGI:1277171	Dcx		Dcx		MP:0001922		Dcx<tm1Caw>	50226821	HGNC:2714	DCX	
MGI:94876	Ddc		Ddc		MP:0001923		Ddc<tm1Umon>	50217508	HGNC:2719	DDC	
MGI:2150302	Ddhd1		Ddhd1		MP:0001922		Ddhd1<tm1.1Katn>|Ddhd1<tm1Katn>	50219394	HGNC:19714	DDHD1	
MGI:1345277	Ddr2		Ddr2		MP:0001922,MP:0001924		Ddr2<slie>|Ddr2<tm1.1(cre/Esr1*)Rcow>|Ddr2<tm1a(EUCOMM)Wtsi>|Ddr2<tm1b(EUCOMM)Wtsi>	50227592	HGNC:2731	DDR2	
MGI:2385955	Defb19		Defb19		MP:0001923		Defb19<em1Cya>	50233846	HGNC:18099	DEFB119	
MGI:1344352	Dido1		Dido1		MP:0001922,MP:0001923		Dido1<tm1Cmar>	50219379	HGNC:2680	DIDO1	
MGI:2153518	Dmbx1		Dmbx1		MP:0001923		Dmbx1<tm1Bhr>	50219484	HGNC:19026	DMBX1	
MGI:105393	Dmc1		Dmc1		MP:0001923,MP:0001924		Dmc1<+>|Dmc1<Mei11>|Dmc1<tm1Jcs>|Dmc1<tm1Tkm>	50229985	HGNC:2927	DMC1	
MGI:94909	Dmd		Dmd		MP:0001923		Dmd<mdx>	50218483	HGNC:2928	DMD	
MGI:1917176	Dnah17		Dnah17		MP:0001922		Dnah17<em2Qsh>	50233893	HGNC:2946	DNAH17	
MGI:1270129	Dnaja1		Dnaja1		MP:0001922		Dnaja1<tm1Kate>	50219491	HGNC:5229	DNAJA1	
MGI:1859287	Dnmt3l		Dnmt3l		MP:0001924		Dnmt3l<tm1Bes>|Dnmt3l<tm1Enl>|Dnmt3l<tm1Scot>	50233899	HGNC:2980	DNMT3L	
MGI:1920958	Dppa3		Dppa3		MP:0001923		Dppa3<tm1Dcp>	50233909	HGNC:19199	DPPA3	
MGI:2157525	Dppa4		Dppa4		MP:0001923		Dppa4<tm1.1Hjf>	50233910	HGNC:19200	DPPA4	
MGI:94924	Drd2		Drd2		MP:0001923		Drd2<tm1Ebo>	50219883	HGNC:3023	DRD2	
MGI:3036280	Duox2		Duox2		MP:0001924		Duox2<thyd>	50219999	HGNC:13273	DUOX2	
MGI:103012	E2f4		E2f4		MP:0001922,MP:0001923		E2f4<tm1Lees>	50220966	HGNC:3118	E2F4	
MGI:1931001	Edaradd		Edaradd		MP:0001923		Edaradd<cr>	50231888	HGNC:14341	EDARADD	
MGI:1916556	Efcab9		Efcab9		MP:0001922		Efcab9<em1Chng>|Efcab9<em2Chng>	50233945	HGNC:34530	EFCAB9	
MGI:1339998	Efemp1		Efemp1		MP:0001924		Efemp1<tm2Lmar>	50232766	HGNC:3218	EFEMP1	
MGI:107444	Efna5		Efna5		MP:0001923		Efna5<tm1Ddmo>	50217308	HGNC:3225	EFNA5	
MGI:1919619	Ehd4		Ehd4		MP:0001922		Ehd4<tm1.1Haba>	50223706	HGNC:3245	EHD4	
MGI:1341822	Eif4h		Eif4h		MP:0001923		Eif4h<Gt(Ex279)Byg>	50228529	HGNC:12741	EIF4H	
MGI:1858960	Elovl2		Elovl2		MP:0001922		Elovl2<+>|Elovl2<tm1Jaco>	50229966	HGNC:14416	ELOVL2	
MGI:1916933	Emc10		Emc10		MP:0001922,MP:0001923		Emc10<Gt(OST181617)Lex>|Emc10<tm1.2Smoc>	50220482	HGNC:27609	EMC10	
MGI:1918483	Enkur		Enkur		MP:0001922		Enkur<tm1Hmf>	50233965	HGNC:28388	ENKUR	
MGI:98277	Epha4		Epha4		MP:0001922		Epha4<rb-2J>|Epha4<rb>	50218231	HGNC:3388	EPHA4	
MGI:1096338	Ephb6/Trpv6		Ephb6		MP:0001922		Ephb6/Trpv6<tm1.1Mfre>	50227437	HGNC:3396	EPHB6	
MGI:1915003	Eqtn		Eqtn		MP:0001922		Eqtn<tm1Gar>	50233982	HGNC:1359	EQTN	
MGI:95412	Ercc1		Ercc1		MP:0001924		Ercc1<tm2Jhjh>	50231165	HGNC:3433	ERCC1	
MGI:95413	Ercc2		Ercc2		MP:0001923		Ercc2<tm2(ERCC2)Jhjh>	50229305	HGNC:3434	ERCC2	
MGI:2654144	Ercc6l		Ercc6l		MP:0001923		Ercc6l<tm1.2Ajlc>|Ercc6l<+>	50226561	HGNC:20794	ERCC6L	
MGI:1352467	Esr1		Esr1		MP:0001922,MP:0001924		Esr1<tm1Arnal>|Esr1<tm1Ksk>|Esr1<tm5.1Ksk>	50220163	HGNC:3467	ESR1	
MGI:109392	Esr2		Esr2		MP:0001923		Esr2<tm1.1Ksk>|Esr2<tm1Mma>|Esr2<tm1Unc>	50220164	HGNC:3468	ESR2	
MGI:1890596	Evc		Evc		MP:0001924		Evc<tm1Jago>	50234006	HGNC:3497	EVC	
MGI:1355322	Exosc10		Exosc10		MP:0001923		Exosc10<em1Dean>	50230659	HGNC:9138	EXOSC10	
MGI:2147968	Ezhip		Ezhip		MP:0001923		Ezhip<em1Marg>	50234013	HGNC:33738	EZHIP	
MGI:1921395	F13a1		F13a1		MP:0001923		F13a1<tm1Gdi>	50220289	HGNC:3531	F13A1	
MGI:2684939	Fam170a		Fam170a		MP:0001922		Fam170a<em1Osb>	50234022	HGNC:27963	FAM170A	
MGI:1923676	Fam209		Fam209		MP:0001922		Fam209<em1Osb>	50234034	HGNC:16100	FAM209A	
MGI:1923676	Fam209		Fam209		MP:0001922		Fam209<em1Osb>	50234034	HGNC:16101	FAM209B	
MGI:1341823	Fanca		Fanca		MP:0001922,MP:0001923		Fanca<tm1.1Wong>|Fanca<tm1Faw>|Fanca<tm1Wong>	50232008	HGNC:3582	FANCA	
MGI:95480	Fancc		Fancc		MP:0001923		Fancc<tm1Mgo>	50230247	HGNC:3584	FANCC	
MGI:2448480	Fancd2		Fancd2		MP:0001924		Fancd2<tm1Hou>	50231728	HGNC:3585	FANCD2	
MGI:1920025	Fance		Fance		MP:0001922		Fance<Tg(Tyr)2364E-2a2Ove>	50232010	HGNC:3586	FANCE	
MGI:1926471	Fancg		Fancg		MP:0001922,MP:0001923,MP:0001924		Fancg<tm1Ada>|Fancg<tm1Faw>	50229578	HGNC:3588	FANCG	
MGI:2444639	Fbxo38		Fbxo38		MP:0001922		Fbxo38<em1Crmk>	50221275	HGNC:28844	FBXO38	
MGI:3616091	Fer1l5		Fer1l5		MP:0001922		Fer1l5<tm1Osb>	50234113	HGNC:19044	FER1L5	
MGI:1891427	Fgf23		Fgf23		MP:0001924		Fgf23<tm1Tyam>	50231893	HGNC:3680	FGF23	
MGI:95524	Fgfr3		Fgfr3		MP:0001923		Fgfr3<+>|Fgfr3<tm5.1Cxd>	50221344	HGNC:3690	FGFR3	
MGI:1338762	Fhl2		Fhl2		MP:0001923		Fhl2<em1Huag>	50229508	HGNC:3703	FHL2	
MGI:95543	Fkbp4		Fkbp4		MP:0001922		Fkbp4<tm1Shou>	50234119	HGNC:3720	FKBP4	
MGI:95556	Flna		Flna		MP:0001923		Flna<+>|Flna<tm1.2Caw>	50221127	HGNC:3754	FLNA	
MGI:1859252	Fmn2		Fmn2		MP:0001923		Fmn2<tm1Led>	50223934	HGNC:14074	FMN2	
MGI:1347476	Foxa2		Foxa2		MP:0001923		Foxa2<tm1Dnl>|Foxa2<+>	50217619	HGNC:5022	FOXA2	
MGI:1347477	Foxa3		Foxa3		MP:0001922		Foxa3<tm1Khk>	50220341	HGNC:5023	FOXA3	
MGI:1347474	Foxj1		Foxj1		MP:0001924		Foxj1<tm1Bph>	50222211	HGNC:3816	FOXJ1	
MGI:1349428	Foxl2		Foxl2		MP:0001923		Foxl2<tm1Tre>|Foxl2<+>	50222413	HGNC:1092	FOXL2	
MGI:102949	Foxn1		Foxn1		MP:0001922,MP:0001923		Foxn1<nu-2J>|Foxn1<nu>	50224751	HGNC:12765	FOXN1	
MGI:1890081	Foxo3		Foxo3		MP:0001923		Foxo3<tm1.1Rdp>	50220858	HGNC:3821	FOXO3	
MGI:1916742	Frey1		Frey1		MP:0001922		Frey1<em1Osb>	50234138	HGNC:37213	FREY1	
MGI:95583	Fshr		Fshr		MP:0001922,MP:0001923		Fshr<+>|Fshr<tm1Saco>|Fshr<tm1Saco>|Fshr<tm1Saco>|Fshr<+>	50222685	HGNC:3969	FSHR	
MGI:95586	Fst		Fst		MP:0001923		Fst<tm1Alsc>	50218380	HGNC:3971	FST	
MGI:1353633	Fus		Fus		MP:0001923		Fus<tm1(DDIT3)Dron>	50230746	HGNC:4010	FUS	
MGI:1196625	Fzd1		Fzd1		MP:0001923		Fzd1<tm1.1Boer>	50222460	HGNC:4038	FZD1	
MGI:1860139	Gabbr1		Gabbr1		MP:0001923		Gabbr1<tm1Bet>	50222477	HGNC:4070	GABBR1	
MGI:95621	Gabrb3		Gabrb3		MP:0001922		Gabrb3<+>|Gabrb3<tm1.1Rmac>	50232503	HGNC:4083	GABRB3	
MGI:95623	Gabrg2		Gabrg2		MP:0001922		Gabrg2<tm1Geh>|Gabrg2<+>	50225927	HGNC:4087	GABRG2	
MGI:1346325	Gadd45g		Gadd45g		MP:0001924		Gadd45g<tm1Jni>|Gadd45g<tm1Mhol>	50222485	HGNC:4097	GADD45G	
MGI:95638	Galt		Galt		MP:0001923		Galt<Gt(E285B04)Wrst>	50230322	HGNC:4135	GALT	
MGI:1098221	Gamt		Gamt		MP:0001922		Gamt<tm1Isb>	50229930	HGNC:4136	GAMT	
MGI:2141439	Garin1a		Garin1a		MP:0001922		Garin1a<em1Osb>	50234172	HGNC:27998	GARIN1A	
MGI:1922788	Garin5a		Garin5a		MP:0001922		Garin5a<em1Osb>	50234177	HGNC:25107	GARIN5A	
MGI:3045311	Garin5b		Garin5b		MP:0001922		Garin5b<em1Osb>	50234178	HGNC:25278	GARIN5B	
MGI:95657	Gas2		Gas2		MP:0001923		Gas2<tm1(GFP/cre/ERT2)Pzg>	50222507	HGNC:4167	GAS2	
MGI:109497	Gata5		Gata5		MP:0001923		Gata5<tm1Eno>	50218470	HGNC:15802	GATA5	
MGI:2654325	Gba2		Gba2		MP:0001922		Gba2<tm1Rus>	50232110	HGNC:18986	GBA2	
MGI:95688	Gdf5		Gdf5		MP:0001922		Gdf5<bp-4J>	50217762	HGNC:4220	GDF5	
MGI:98857	Gfus		Gfus		MP:0001924		Gfus<tm1Jbl>	50222620	HGNC:12390	GFUS	
MGI:95706	Ggt1		Ggt1		MP:0001924		Ggt1<dwg>	50222622	HGNC:4250	GGT1	
MGI:95706	Ggt1		Ggt1		MP:0001924		Ggt1<dwg>	50222622	HGNC:4251	GGT2P	
MGI:95706	Ggt1		Ggt1		MP:0001924		Ggt1<dwg>	50222622	HGNC:4252	GGT3P	
MGI:95706	Ggt1		Ggt1		MP:0001924		Ggt1<dwg>	50222622	HGNC:16437	GGTLC1	
MGI:95706	Ggt1		Ggt1		MP:0001924		Ggt1<dwg>	50222622	HGNC:18596	GGTLC2	
MGI:95706	Ggt1		Ggt1		MP:0001924		Ggt1<dwg>	50222622	HGNC:33426	GGTLC3	
MGI:95707	Gh		Gh		MP:0001923		Gh<Sma1>|Gh<Sma1>|Gh<+>	50222625	HGNC:4261	GH1	
MGI:95707	Gh		Gh		MP:0001923		Gh<Sma1>|Gh<Sma1>|Gh<+>	50222625	HGNC:4262	GH2	
MGI:95708	Ghr		Ghr		MP:0001922		Ghr<tm1Jjk>	50222627	HGNC:4263	GHR	
MGI:95710	Ghrhr		Ghrhr		MP:0001922		Ghrhr<lit>	50222628	HGNC:4266	GHRHR	
MGI:95713	Gja1		Gja1		MP:0001923		Gja1<M1Jrt>|Gja1<+>|Gja1<tm2(Gjb1)Kwi>	50219279	HGNC:4274	GJA1	
MGI:95751	Glrb		Glrb		MP:0001922		Glrb<spa>	50217663	HGNC:4329	GLRB	
MGI:1345156	Gmcl1		Gmcl1		MP:0001922		Gmcl1<Gt(OST6847)Lex>|Gmcl1<tm1Nkn>	50222605	HGNC:23843	GMCL1	
MGI:1345156	Gmcl1		Gmcl1		MP:0001922		Gmcl1<Gt(OST6847)Lex>|Gmcl1<tm1Nkn>	50222605	HGNC:19717	GMCL2	
MGI:95775	Gnao1		Gnao1		MP:0001924		Gnao1<tm1Lbi>	50222494	HGNC:4389	GNAO1	
MGI:1925616	Gng13		Gng13		MP:0001924		Gng13<tm1(KOMP)Vlcg>	50222674	HGNC:14131	GNG13	
MGI:95790	Gnrhr		Gnrhr		MP:0001923		Gnrhr<tm1(GNRHR1)Xen>|Gnrhr<tm2.1(GNRHR)Djb>	50222676	HGNC:4421	GNRHR	
MGI:101908	Gpr3		Gpr3		MP:0001923		Gpr3<tm1Cled>	50222710	HGNC:4484	GPR3	
MGI:104767	Gpx4		Gpx4		MP:0001922		Gpx4<tm4Marc>|Gpx4<+>	50218443	HGNC:4556	GPX4	
MGI:104886	Gpx5		Gpx5		MP:0001922		Gpx5<tm1115.2Arte>	50232083	HGNC:4557	GPX5	
MGI:2149712	Greb1		Greb1		MP:0001923		Greb1<em1Rkom>	50223081	HGNC:24885	GREB1	
MGI:1344367	Grem2		Grem2		MP:0001923		Grem2<em1Stpg>	50222730	HGNC:17655	GREM2	
MGI:95810	Gria3		Gria3		MP:0001922		Gria3<tm1Zpj>	50222655	HGNC:4573	GRIA3	
MGI:95813	Grid2		Grid2		MP:0001922,MP:0001923		Grid2<ho-8J>|Grid2<ho-Jwg>	50222657	HGNC:4576	GRID2	
MGI:95819	Grin1		Grin1		MP:0001922		Grin1<tm1Bhk>	50224685	HGNC:4584	GRIN1	
MGI:1351338	Grm1		Grm1		MP:0001923		Grm1<crv4>	50222081	HGNC:4593	GRM1	
MGI:1351344	Grm7		Grm7		MP:0001922		Grm7<tm1Nak>	50232921	HGNC:4599	GRM7	
MGI:95842	Gsx1		Gsx1		MP:0001924		Gsx1<tm1Ssp>	50222747	HGNC:20374	GSX1	
MGI:1202722	Gtf2i		Gtf2i		MP:0001922,MP:0001923		Gtf2i<tm1Vcam>	50234278	HGNC:4659	GTF2I	
MGI:1917319	H1f7		H1f7		MP:0001922		H1f7<tm1Idvd>	50234288	HGNC:24893	H1-7	
MGI:1097686	H3f3a		H3f3a		MP:0001922,MP:0001923		H3f3a<Gt(ROSABetageo)14E7Ev>|H3f3a<tm1.2Mnn>	50220898	HGNC:4764	H3-3A	
MGI:1101768	H3f3b		H3f3b		MP:0001923		H3f3b<tm1.1Psk>	50220897	HGNC:4765	H3-3B	
MGI:1097686|MGI:1101768	H3f3a|H3f3b		H3f3a|H3f3b		MP:0001922,MP:0001923		H3f3a<Gt(ROSABetageo)14E7Ev>|H3f3a<tm1.2Mnn>|H3f3b<tm1.1Psk>	50220897|50220898	HGNC:33164	H3-5	
MGI:96009	Hadh		Hadh		MP:0001922		Hadh<em1Jgao>	50222805	HGNC:4799	HADH	
MGI:1298210	Hcn2		Hcn2		MP:0001924		Hcn2<ap>	50222819	HGNC:4846	HCN2	
MGI:103234	Herc2		Herc2		MP:0001923		Herc2<J>	50221623	HGNC:4868	HERC2	
MGI:1914595	Herc4		Herc4		MP:0001922		Herc4<Gt(RRH224)Byg>	50232146	HGNC:24521	HERC4	
MGI:3036246	Hfm1		Hfm1		MP:0001924		Hfm1<Gt(OST347241)Lex>	50226692	HGNC:20193	HFM1	
MGI:1099804	Hip1		Hip1		MP:0001922		Hip1<tm3Tsr>	50221130	HGNC:4913	HIP1	
MGI:101761	Hmga2		Hmga2		MP:0001924		Hmga2<pg>	50228954	HGNC:5009	HMGA2	
MGI:96157	Hmgb2		Hmgb2		MP:0001922		Hmgb2<tm1Meb>	50222868	HGNC:5000	HMGB2	
MGI:104667	Hmmr		Hmmr		MP:0001923		Hmmr<tm1Plou>	50228780	HGNC:5012	HMMR	
MGI:96163	Hmox1		Hmox1		MP:0001924		Hmox1<tm1Poss>	50221338	HGNC:5013	HMOX1	
MGI:107160	Hmx3		Hmx3		MP:0001923		Hmx3<tm1Tlu>|Hmx3<tm2Tlu>	50222871	HGNC:5019	HMX3	
MGI:98504	Hnf1a		Hnf1a		MP:0001924		Hnf1a<tm1.1Ylee>|Hnf1a<tm2Ylee>|Hnf1a<tm2Ylee>|Hnf1a<tm1.1Ylee>	50217254	HGNC:11621	HNF1A	
MGI:1925213	Hook1		Hook1		MP:0001922		Hook1<azh>	50227121	HGNC:19884	HOOK1	
MGI:96171	Hoxa10		Hoxa10		MP:0001922,MP:0001923		Hoxa10<tm1Ipc>|Hoxa10<tm1Rilm>	50222940	HGNC:5100	HOXA10	
MGI:96172	Hoxa11		Hoxa11		MP:0001922,MP:0001924		Hoxa11<tm1Mrc>|Hoxa11<tm1Ssp>	50222941	HGNC:5101	HOXA11	
MGI:96173	Hoxa13		Hoxa13		MP:0001924		Hoxa13<Hd>	50222943	HGNC:5102	HOXA13	
MGI:96205	Hoxd13		Hoxd13		MP:0001922		Hoxd13<tm1Ddu>|Hoxd13<spdh>	50222949	HGNC:5136	HOXD13	
MGI:105077	Hsd17b1		Hsd17b1		MP:0001923		Hsd17b1<tm1(KOMP)Vlcg>	50229320	HGNC:5210	HSD17B1	
MGI:107177	Hsd17b3		Hsd17b3		MP:0001922		Hsd17b3<tm1.2Mpo>	50230896	HGNC:5212	HSD17B3	
MGI:105089	Hsd17b4		Hsd17b4		MP:0001922		Hsd17b4<tm1Baes>	50219384	HGNC:5213	HSD17B4	
MGI:96239	Hsf2		Hsf2		MP:0001923		Hsf2<tm1Miv>|Hsf2<tm1Mmr>	50229323	HGNC:5225	HSF2	
MGI:1921627	Hsf2bp		Hsf2bp		MP:0001923		Hsf2bp<em2Amp>	50220962	HGNC:5226	HSF2BP	
MGI:107422	Hspa4l		Hspa4l		MP:0001922		Hspa4l<tm1Imad>	50221194	HGNC:17041	HSPA4L	
MGI:1917625	Ica1l		Ica1l		MP:0001922		Ica1l<em1Jxia>	50218551	HGNC:14442	ICA1L	
MGI:1915420	Iftap		Iftap		MP:0001922		Iftap<tm1b(KOMP)Wtsi>	50223673	HGNC:25142	IFTAP	
MGI:96432	Igf1		Igf1		MP:0001924		Igf1<tm2Arge>	50223145	HGNC:5464	IGF1	
MGI:96435	Igf2r		Igf2r		MP:0001922,MP:0001923		Igf2r<+>|Igf2r<tm1Arge>|Igf2r<+>|Igf2r<tm2Arge>|Igf2r<tm1Arge>|Igf2r<tm1Stw>|Igf2r<+>|Igf2r<tm2Arge>	50218991	HGNC:5467	IGF2R	
MGI:1338074	Ikbkg		Ikbkg		MP:0001923		Ikbkg<m1Btlr>|Ikbkg<+>	50222046	HGNC:5961	IKBKG	
MGI:107426	Il11ra1		Il11ra1		MP:0001923		Il11ra1<tm1Gos>	50221859	HGNC:5967	IL11RA	
MGI:96569	Inha		Inha		MP:0001923		Inha<em1Crah>	50227716	HGNC:6065	INHA	
MGI:96570	Inhba		Inhba		MP:0001923		Inhba<em2Iimcb>	50217181	HGNC:6066	INHBA	
MGI:96571	Inhbb		Inhbb		MP:0001923		Inhbb<tm1Jae>	50217182	HGNC:6067	INHBB	
MGI:103257	Inpp5b		Inpp5b		MP:0001922		Inpp5b<tm1Nbm>|Inpp5b<tm2.1Nbm>	50226094	HGNC:6077	INPP5B	
MGI:1346085	Insl5		Insl5		MP:0001922,MP:0001923		Insl5<tm1Imad>	50223987	HGNC:6088	INSL5	
MGI:1351595	Insl6		Insl6		MP:0001922		Insl6<tm1Imad>	50234516	HGNC:6089	INSL6	
MGI:1930787	Insm2		Insm2		MP:0001923		Insm2<em1Tcai>	50234517	HGNC:17539	INSM2	
MGI:1921517	Iqcf1		Iqcf1		MP:0001922		Iqcf1<em1Zdq>	50234524	HGNC:28607	IQCF1	
MGI:2685948	Irgc		Irgc		MP:0001922		Irgc<em1Osb>	50231953	HGNC:28835	IRGC	
MGI:109334	Irs2		Irs2		MP:0001922,MP:0001923		Irs2<tm1Mfw>	50224007	HGNC:6126	IRS2	
MGI:96612	Itgb3		Itgb3		MP:0001923		Itgb3<tm1Hyn>	50223988	HGNC:6156	ITGB3	
MGI:1916564	Izumo3		Izumo3		MP:0001922		Izumo3<tm1Osb>	50234548	HGNC:31421	IZUMO3	
MGI:104781	Kcnj6		Kcnj6		MP:0001922,MP:0001923		Kcnj6<wv>	50232653	HGNC:6267	KCNJ6	
MGI:2153182	Kcnn2		Kcnn2		MP:0001922		Kcnn2<fri>	50227634	HGNC:6291	KCNN2	
MGI:1923739	Kctd13		Kctd13		MP:0001922		Kctd13<em1Djla>	50230150	HGNC:22234	KCTD13	
MGI:1922855	Kdm5b		Kdm5b		MP:0001923		Kdm5b<Gt(RRO123)Byg>	50218240	HGNC:18039	KDM5B	
MGI:1914241	Khdc3		Khdc3		MP:0001923		Khdc3<tm1Dean>	50234594	HGNC:33699	KHDC3L	
MGI:2446977	Kif18a		Kif18a		MP:0001923,MP:0001924		Kif18a<gcd2>|Kif18a<tm1Zgwg>	50230687	HGNC:29441	KIF18A	
MGI:1098237	Kif9		Kif9		MP:0001922		Kif9<em1Osb>|Kif9<em2Osb>	50234607	HGNC:16666	KIF9	
MGI:2148793	Kiss1r		Kiss1r		MP:0001924		Kiss1r<Gt1Stei>	50224113	HGNC:4510	KISS1R	
MGI:96677	Kit		Kit		MP:0001922,MP:0001923,MP:0001924		Kit<W-1Bao>|Kit<+>|Kit<W-38J>|Kit<W-39J>|Kit<W-39J>|Kit<W-34J>|Kit<W-39J>|Kit<W-37J>|Kit<W-39J>|Kit<W-40J>|Kit<W-42J>|Kit<W-39J>|Kit<W-43J>|Kit<W-39J>|Kit<W-44J>|Kit<W-44J>|Kit<W-39J>|Kit<W-Btlr>|Kit<W-b>|Kit<W>|Kit<W-39J>|Kit<Wps>|Kit<tm1.1Bsm>|Kit<tm1Alf>|Kit<+>|Kit<tm1Bsm>	50219009	HGNC:6342	KIT	
MGI:96974	Kitl		Kitl		MP:0001922,MP:0001923,MP:0001924		Kitl<Sl-1Neu>|Kitl<Sl-2Neu>|Kitl<Sl-3Neu>|Kitl<Sl-d>|Kitl<Sl-m>|Kitl<Sl>|Kitl<Sl>|Kitl<Sl-d>|Kitl<tm3.1Pbes>	50224115	HGNC:6343	KITLG	
MGI:1101771	Kl		Kl		MP:0001924		Kl<kl>	50232536	HGNC:6344	KL	
MGI:1342773	Klf3		Klf3		MP:0001924		Klf3<tm1Merc>	50224118	HGNC:16516	KLF3	
MGI:96995	Kmt2a		Kmt2a		MP:0001923		Kmt2a<tm1Sjk>|Kmt2a<+>	50223744	HGNC:7132	KMT2A	
MGI:109565	Kmt2b		Kmt2b		MP:0001923		Kmt2b<tm2.1Afst>|Kmt2b<tm2.1Afst>|Kmt2b<+>	50224454	HGNC:15840	KMT2B	
MGI:2444959	Kmt2c		Kmt2c		MP:0001922,MP:0001923		Kmt2c<tm1.1Jwle>	50224453	HGNC:13726	KMT2C	
MGI:1924825	Kmt2e		Kmt2e		MP:0001923		Kmt2e<tm1.1Hjf>	50224455	HGNC:18541	KMT2E	
MGI:1100848	Kpna4		Kpna4		MP:0001922		Kpna4<tm1Maoka>	50228623	HGNC:6397	KPNA4	
MGI:2141165	Kpna7		Kpna7		MP:0001923		Kpna7<tm1.1Sgao>|Kpna7<tm1.1Sgao>|Kpna7<+>	50221838	HGNC:21839	KPNA7	
MGI:96705	Krt8		Krt8		MP:0001923		Krt8<tm1Rgo>	50218180	HGNC:6446	KRT8	
MGI:1336997	Lancl1		Lancl1		MP:0001922		Lancl1<tm1.1Pfw>	50231862	HGNC:6508	LANCL1	
MGI:1342270	Large1		Large1		MP:0001923		Large1<enr-Tg(MbpReg)36Pop>	50224150	HGNC:6511	LARGE1	
MGI:2138281	Lbr		Lbr		MP:0001923		Lbr<ic>	50225403	HGNC:6518	LBR	
MGI:96757	Lcn2		Lcn2		MP:0001923		Lcn2<tm1Mak>	50223952	HGNC:6526	LCN2	
MGI:1924954	Lcn9		Lcn9		MP:0001922		Lcn9<em2Osb>	50234828	HGNC:17442	LCN9	
MGI:96764	Ldhc		Ldhc		MP:0001922		Ldhc<tm1Erg>	50224165	HGNC:6544	LDHC	
MGI:104663	Lep		Lep		MP:0001922,MP:0001924		Lep<m1Yst>|Lep<ob>|Lep<tm1.2Gvcao>	50224174	HGNC:6553	LEP	
MGI:104993	Lepr		Lepr		MP:0001922,MP:0001923,MP:0001924		Lepr<Db-2Btlr>|Lepr<Db-Btlr>|Lepr<brta>|Lepr<db-3J>|Lepr<db-9J>|Lepr<m1Clo>|Lepr<m3Btlr>|Lepr<tm1.2Chua>|Lepr<tm1Chua>|Lepr<tm1Mgmj>|Lepr<tm2Yli>	50224776	HGNC:6554	LEPR	
MGI:1891468	Lgr4		Lgr4		MP:0001923,MP:0001924		Lgr4<Gt(pGT0TMpfs)1Wcs>|Lgr4<Gt(pU-21)1Kymm>	50232596	HGNC:13299	LGR4	
MGI:96782	Lhb		Lhb		MP:0001924		Lhb<tm1Kmr>	50222438	HGNC:6584	LHB	
MGI:96783	Lhcgr		Lhcgr		MP:0001922		Lhcgr<tm1Hht>	50222760	HGNC:6585	LHCGR	
MGI:2145236	Lhfpl2		Lhfpl2		MP:0001922		Lhfpl2<vgim>	50224186	HGNC:6588	LHFPL2	
MGI:102673	Lhx3		Lhx3		MP:0001922		Lhx3<tm1.1Sjr>	50224192	HGNC:6595	LHX3	
MGI:1316721	Lhx9		Lhx9		MP:0001924		Lhx9<tm1Lmgd>	50226987	HGNC:14222	LHX9	
MGI:1890546	Lin28a		Lin28a		MP:0001922,MP:0001923		Lin28a<tm1Egm>	50224196	HGNC:15986	LIN28A	
MGI:96790	Lipe		Lipe		MP:0001922		Lipe<tm1Gam>|Lipe<+>	50222972	HGNC:6621	LIPE	
MGI:96794	Lmna		Lmna		MP:0001922,MP:0001923,MP:0001924		Lmna<+>|Lmna<Dhe>|Lmna<tm1.1Otin>	50218631	HGNC:6636	LMNA	
MGI:1888519	Lmx1a		Lmx1a		MP:0001924		Lmx1a<dr-J>	50226512	HGNC:6653	LMX1A	
MGI:2441849	Lpp		Lpp		MP:0001923		Lpp<tm1Wjmv>	50221334	HGNC:6679	LPP	
MGI:1340044	Lrp8		Lrp8		MP:0001922		Lrp8<tm4Her>	50217439	HGNC:6700	LRP8	
MGI:1924118	Lrrc52		Lrrc52		MP:0001922		Lrrc52<tm1.1(KOMP)Vlcg>	50227560	HGNC:32156	LRRC52	
MGI:2652847	Lrrc8a		Lrrc8a		MP:0001924		Lrrc8a<tm1.1Geha>	50224253	HGNC:19027	LRRC8A	
MGI:1922228	Lrriq1		Lrriq1		MP:0001922		Lrriq1<em1Ysato>	50225997	HGNC:25708	LRRIQ1	
MGI:109347	Lum		Lum		MP:0001922		Lum<tm1Wwk>	50224265	HGNC:6724	LUM	
MGI:1934860	Lztfl1		Lztfl1		MP:0001922		Lztfl1<tm1e(KOMP)Wtsi>	50220879	HGNC:6741	LZTFL1	
MGI:104555	Mafb		Mafb		MP:0001922,MP:0001923		Mafb<kr>	50224138	HGNC:6408	MAFB	
MGI:1351648	Magel2		Magel2		MP:0001922		Magel2<tm1Stw>	50224290	HGNC:6814	MAGEL2	
MGI:99638	Mark2		Mark2		MP:0001923,MP:0001924		Mark2<Gt(pSABetageo)38Bss>	50221531	HGNC:3332	MARK2	
MGI:1927235	Mbtps1		Mbtps1		MP:0001923		Mbtps1<wrt>	50222687	HGNC:15456	MBTPS1	
MGI:2443308	Mcph1		Mcph1		MP:0001924		Mcph1<tm1.1Zqw>	50229971	HGNC:6954	MCPH1	
MGI:95457	Mecom		Mecom		MP:0001922,MP:0001923		Mecom<tm1Aspe>	50220279	HGNC:3498	MECOM	
MGI:102768	Mfge8		Mfge8		MP:0001922		Mfge8<Gt(KST227)Byg>|Mfge8<tm1Shur>	50223315	HGNC:7036	MFGE8	
MGI:2384904	Mfsd6l		Mfsd6l		MP:0001922		Mfsd6l<em1Fzh>	50229396	HGNC:26656	MFSD6L	
MGI:2384966	Mgat2		Mgat2		MP:0001923		Mgat2<tm1.1Jxm>	50230365	HGNC:7045	MGAT2	
MGI:2676877	Mir202		Mir202		MP:0001922		Mir202<em1Hncs>	50235116	HGNC:32080	MIR202	
MGI:3642801	Misfa		Misfa		MP:0001922		Misfa<em1Kei>|Misfa<em2Kei>|Misfa<em5Kei>	50235340	HGNC:44122	MISFA	
MGI:1351603	Mmel1		Mmel1		MP:0001922		Mmel1<tm1Ldg>	50232508	HGNC:14668	MMEL1	
MGI:101900	Mmp14		Mmp14		MP:0001924		Mmp14<m1Btlr>	50218337	HGNC:7160	MMP14	
MGI:97052	Mos		Mos		MP:0001923		Mos<tm1Ev>|Mos<tm1Gvw>|Mos<tm1Sia>	50219051	HGNC:7199	MOS	
MGI:2179733	Mpst		Mpst		MP:0001922		Mpst<+>|Mpst<tm1.1Nori>	50217025	HGNC:7223	MPST	
MGI:103177	Mpz		Mpz		MP:0001924		Mpz<ttrr>	50224892	HGNC:7225	MPZ	
MGI:1100512	Mre11a		Mre11a		MP:0001923		Mre11a<tm1Jpt>	50221392	HGNC:7230	MRE11	
MGI:1915317	Mrnip		Mrnip		MP:0001922		Mrnip<em1Nju>	50227101	HGNC:30817	MRNIP	
MGI:1099452	Mtm1		Mtm1		MP:0001922		Mtm1<tm1Itl>	50220745	HGNC:7448	MTM1	
MGI:1916075	Mtmr14		Mtmr14		MP:0001922		Mtmr14<tm1Ckq>	50221250	HGNC:26190	MTMR14	
MGI:97250	Myc		Myc		MP:0001923		Myc<+>|Myc<tm1Brd>	50219057	HGNC:7553	MYC	
MGI:104510	Myo7a		Myo7a		MP:0001922		Myo7a<sh1>	50224324	HGNC:7606	MYO7A	
MGI:1914080	Nacc1		Nacc1		MP:0001922,MP:0001923		Nacc1<tm1.1Jlwa>	50223050	HGNC:20967	NACC1	
MGI:1276533	Ncoa2		Ncoa2		MP:0001922,MP:0001923		Ncoa2<tm1.2Ipc>	50222739	HGNC:7669	NCOA2	
MGI:2385165	Ncoa5		Ncoa5		MP:0001922		Ncoa5<tm1Hxia>|Ncoa5<+>	50231352	HGNC:15909	NCOA5	
MGI:1929915	Ncoa6		Ncoa6		MP:0001922,MP:0001923		Ncoa6<tm1Hhs>|Ncoa6<+>	50222563	HGNC:15936	NCOA6	
MGI:1352499	Ndrg3		Ndrg3		MP:0001922		Ndrg3<+>|Ndrg3<em1Qshi>	50221175	HGNC:14462	NDRG3	
MGI:1920024	Neil1		Neil1		MP:0001924		Neil1<tm1Rsld>	50230741	HGNC:18448	NEIL1	
MGI:97303	Nek1		Nek1		MP:0001923		Nek1<kat-2J>|Nek1<kat>	50219457	HGNC:7744	NEK1	
MGI:1890645	Nek7		Nek7		MP:0001924		Nek7<M1Btlr>	50229235	HGNC:13386	NEK7	
MGI:2446113	Nemp1		Nemp1		MP:0001923		Nemp1<em1Hmc>	50226991	HGNC:29001	NEMP1	
MGI:97306	Nf1		Nf1		MP:0001922		Nf1<Mhdadsk9>|Nf1<+>	50221716	HGNC:7765	NF1	
MGI:108420	Nfe2l2		Nfe2l2		MP:0001922		Nfe2l2<tm1Ywk>	50224614	HGNC:7782	NFE2L2	
MGI:108056	Nfia		Nfia		MP:0001923		Nfia<tm1Rmg>	50226698	HGNC:7784	NFIA	
MGI:97324	Nhlh2		Nhlh2		MP:0001923		Nhlh2<tm1Irk>	50224735	HGNC:7818	NHLH2	
MGI:2135954	Nkd1		Nkd1		MP:0001922		Nkd1<tm1Tko>	50232053	HGNC:17045	NKD1	
MGI:97347	Nkx2-2		Nkx2-2		MP:0001922,MP:0001923		Nkx2-2<tm2.1Suss>	50223082	HGNC:7835	NKX2-2	
MGI:3041206	Nlrp2		Nlrp2		MP:0001923		Nlrp2<tm1.2Itl>	50232679	HGNC:22948	NLRP2	
MGI:2145528	Nlrp4f		Nlrp4f		MP:0001923		Nlrp4f<em1Lil>	50235553	HGNC:22943	NLRP4	
MGI:3041206	Nlrp2		Nlrp2		MP:0001923		Nlrp2<tm1.2Itl>	50232679	HGNC:22947	NLRP7	
MGI:97360	Nos1		Nos1		MP:0001923		Nos1<tm2Plh>	50224690	HGNC:7872	NOS1	
MGI:97362	Nos3		Nos3		MP:0001923		Nos3<tm1Plh>	50235565	HGNC:7876	NOS3	
MGI:1097712	Npc1		Npc1		MP:0001924		Npc1<m1N>	50223761	HGNC:7897	NPC1	
MGI:1890811	Npm2		Npm2		MP:0001923		Npm2<tm1Zuk>	50223884	HGNC:7930	NPM2	
MGI:97372	Npr2		Npr2		MP:0001922		Npr2<pwe>	50232842	HGNC:7944	NPR2	
MGI:2444210	Nr1d1		Nr1d1		MP:0001922,MP:0001923		Nr1d1<tm1.2Rev>|Nr1d1<tm1Ven>	50220032	HGNC:7962	NR1D1	
MGI:1352466	Nr2c2		Nr2c2		MP:0001922,MP:0001923		Nr2c2<tm1Chc>	50222560	HGNC:7972	NR2C2	
MGI:1100526	Nr2e1		Nr2e1		MP:0001923		Nr2e1<frc>	50221354	HGNC:7973	NR2E1	
MGI:1352452	Nr2f2		Nr2f2		MP:0001923		Nr2f2<tm1Tsa>|Nr2f2<+>|Nr2f2<tm2.1Tsa>	50219118	HGNC:7976	NR2F2	
MGI:1346833	Nr5a1		Nr5a1		MP:0001924		Nr5a1<tm1.1Hain>	50221760	HGNC:7983	NR5A1	
MGI:1346834	Nr5a2		Nr5a2		MP:0001923		Nr5a2<+>|Nr5a2<tm1Bel>	50221759	HGNC:7984	NR5A2	
MGI:1914372	Nrarp		Nrarp		MP:0001923		Nrarp<tm1Vlcg>	50221564	HGNC:33843	NRARP	
MGI:1861755	Nsmf		Nsmf		MP:0001922,MP:0001923		Nsmf<tm1a(KOMP)Wtsi>|Nsmf<tm1a(KOMP)Wtsi>|Nsmf<+>	50224600	HGNC:29843	NSMF	
MGI:1918168	Nsun7		Nsun7		MP:0001922		Nsun7<Ste5Jcs1>	50235588	HGNC:25857	NSUN7	
MGI:2144158	Nudcd3		Nudcd3		MP:0001924		Nudcd3<em1(IMPC)Wtsi>	50231109	HGNC:22208	NUDCD3	
MGI:894702	Numbl		Numbl		MP:0001923		Numbl<tm1Wmz>	50229926	HGNC:8061	NUMBL	
MGI:2143854	Nup107		Nup107		MP:0001923		Nup107<em1Rajk>	50227454	HGNC:29914	NUP107	
MGI:1933192	Nxf2		Nxf2		MP:0001922		Nxf2<tm1.2Jw>	50230183	HGNC:8072	NXF2	
MGI:1933192	Nxf2		Nxf2		MP:0001922		Nxf2<tm1.2Jw>	50230183	HGNC:23984	NXF2B	
MGI:1933192	Nxf2		Nxf2		MP:0001922		Nxf2<tm1.2Jw>	50230183	HGNC:8075	NXF5	
MGI:2140770	Oas1d		Oas1d		MP:0001923		Oas1d<tm1Zuk>	50235610	HGNC:8086	OAS1	
MGI:97454	Oca2		Oca2		MP:0001922,MP:0001924		Oca2<p-6H>|Oca2<p-bs>	50225014	HGNC:8101	OCA2	
MGI:1098824	Odf2		Odf2		MP:0001922		Odf2<+>|Odf2<Gt(XL169)Byg>	50218855	HGNC:8114	ODF2	
MGI:2182079	Odf4		Odf4		MP:0001922		Odf4<em1Ktos>	50235627	HGNC:19056	ODF4	
MGI:1860437	Olfm1		Olfm1		MP:0001923		Olfm1<tm1.1Lex>	50225839	HGNC:17187	OLFM1	
MGI:97441	Oprm1		Oprm1		MP:0001922		Oprm1<tm1Lyu>	50229325	HGNC:8156	OPRM1	
MGI:3030568	Or4m1		Or4m1		MP:0001922		Or4m1<em1Tshu>	50219740	HGNC:14735	OR4M1	
MGI:3030568	Or4m1		Or4m1		MP:0001922		Or4m1<em1Tshu>	50219740	HGNC:15373	OR4M2	
MGI:3030568	Or4m1		Or4m1		MP:0001922		Or4m1<em1Tshu>	50219740	HGNC:55109	OR4M2B	
MGI:97448	Otc		Otc		MP:0001923		Otc<spf>|Otc<+>	50227180	HGNC:8512	OTC	
MGI:97451	Otx2		Otx2		MP:0001922		Otx2<tm1Pas>|Otx2<+>	50220252	HGNC:8522	OTX2	
MGI:1330290	Ovol1		Ovol1		MP:0001922,MP:0001923		Ovol1<tm1Efu>	50224887	HGNC:8525	OVOL1	
MGI:1921700	Pank2		Pank2		MP:0001923		Pank2<tm1Jgt>	50230304	HGNC:15894	PANK2	
MGI:97479	Pappa		Pappa		MP:0001923		Pappa<tm1Cac>	50224938	HGNC:8602	PAPPA	
MGI:2141505	Parp11		Parp11		MP:0001922		Parp11<tm1(KOMP)Vlcg>	50236085	HGNC:1186	PARP11	
MGI:1930790	Pate4		Pate4		MP:0001922		Pate4<tm1Osb>	50236089	HGNC:35427	PATE4	
MGI:1914828	Patl2		Patl2		MP:0001923		Patl2<tm1b(EUCOMM)Hmgu>	50225780	HGNC:33630	PATL2	
MGI:97490	Pax6		Pax6		MP:0001923		Pax6<+>|Pax6<Sey-H>	50218251	HGNC:8620	PAX6	
MGI:97503	Pcna		Pcna		MP:0001924		Pcna<tm1Jcbs>	50218162	HGNC:8729	PCNA	
MGI:97512	Pcsk2		Pcsk2		MP:0001923		Pcsk2<tm1Dfs>	50232358	HGNC:8744	PCSK2	
MGI:97514	Pcsk4		Pcsk4		MP:0001922,MP:0001923		Pcsk4<tm1Mbi>	50236119	HGNC:8746	PCSK4	
MGI:2147987	Pcyt1b		Pcyt1b		MP:0001922		Pcyt1b<tm1Mkar>	50224976	HGNC:8755	PCYT1B	
MGI:99555	Pde4d		Pde4d		MP:0001923		Pde4d<tm1Mct>	50227152	HGNC:8783	PDE4D	
MGI:97528	Pdgfb		Pdgfb		MP:0001923		Pdgfb<tm3.1Cbet>	50224986	HGNC:8800	PDGFB	
MGI:1098283	Per1		Per1		MP:0001923		Per1<tm1Brd>	50225002	HGNC:8845	PER1	
MGI:1195265	Per2		Per2		MP:0001923		Per2<tm1Brd>	50222105	HGNC:8846	PER2	
MGI:1321392	Pex7		Pex7		MP:0001924		Pex7<tm1Rjaw>	50229531	HGNC:8860	PEX7	
MGI:2178800	Pfn3		Pfn3		MP:0001922		Pfn3<em1Hsc>|Pfn3<em2Hsc>|Pfn3<em3Hsc>	50236140	HGNC:18627	PFN3	
MGI:2443342	Pgap1		Pgap1		MP:0001924		Pgap1<oto>	50227155	HGNC:25712	PGAP1	
MGI:97563	Pgk2		Pgk2		MP:0001922		Pgk2<tm1Dao>	50229075	HGNC:8898	PGK2	
MGI:2446217	Phf13		Phf13		MP:0001922		Phf13<Gt(XB691)Byg>	50232728	HGNC:22983	PHF13	
MGI:1934031	Pi4k2a		Pi4k2a		MP:0001923		Pi4k2a<Gt(AK0094)Wtsi>	50225031	HGNC:30031	PI4K2A	
MGI:1922019	Pik3cb		Pik3cb		MP:0001922		Pik3cb<tm1.1Ehi>	50221064	HGNC:8976	PIK3CB	
MGI:1346036	Pin1		Pin1		MP:0001922,MP:0001923		Pin1<tm1Tuc>	50231054	HGNC:8988	PIN1	
MGI:107929	Pip5k1a		Pip5k1a		MP:0001922		Pip5k1a<tm1.1Tba>	50223601	HGNC:8994	PIP5K1A	
MGI:107930	Pip5k1b		Pip5k1b		MP:0001922		Pip5k1b<tm1Tssk>	50225044	HGNC:8995	PIP5K1B	
MGI:3041167	Piwil4		Piwil4		MP:0001922		Piwil4<tm1Ghan>	50236169	HGNC:18444	PIWIL4	
MGI:97603	Pkd1		Pkd1		MP:0001924		Pkd1<tm1Hung>	50225053	HGNC:9008	PKD1	
MGI:2155808	Pkhd1		Pkhd1		MP:0001922		Pkhd1<tm2Ggg>	50236173	HGNC:9016	PKHD1	
MGI:2444945	Pla2g3		Pla2g3		MP:0001922		Pla2g3<tm1Murm>|Pla2g3<tm1Murm>|Pla2g3<+>	50225060	HGNC:17934	PLA2G3	
MGI:1195256	Pla2g4a		Pla2g4a		MP:0001923		Pla2g4a<tm1Jvb>	50219134	HGNC:9035	PLA2G4A	
MGI:1859152	Pla2g6		Pla2g6		MP:0001922		Pla2g6<tm1Tsu>|Pla2g6<tm1Turk>	50228909	HGNC:9039	PLA2G6	
MGI:1891916	Plag1		Plag1		MP:0001922		Plag1<tm1Wjmv>	50231973	HGNC:9045	PLAG1	
MGI:97613	Plcb1		Plcb1		MP:0001922,MP:0001923		Plcb1<Tg(LGB)56Mbal>	50225065	HGNC:15917	PLCB1	
MGI:2150308	Plcz1		Plcz1		MP:0001922		Plcz1<em1Jparr>|Plcz1<em2Jparr>	50236186	HGNC:19218	PLCZ1	
MGI:97620	Plg		Plg		MP:0001923		Plg<tm1Dco>|Plg<tm1Jld>	50228860	HGNC:9071	PLG	
MGI:103151	Pltp		Pltp		MP:0001922		Pltp<tm1Jia>	50229355	HGNC:9093	PLTP	
MGI:97631	Pmp22		Pmp22		MP:0001922		Pmp22<+>|Pmp22<Tr>|Pmp22<Tr-2J>|Pmp22<+>	50223040	HGNC:9118	PMP22	
MGI:1196389	Polg		Polg		MP:0001922,MP:0001923		Polg<tm1.1Lrsn>	50231974	HGNC:9179	POLG	
MGI:1915523	Pomgnt1		Pomgnt1		MP:0001923		Pomgnt1<Gt(OST179231)Lex>	50223812	HGNC:19139	POMGNT1	
MGI:97744	Por		Por		MP:0001923		Por<tm2Ding>	50220914	HGNC:9208	POR	
MGI:1890212	Porcn		Porcn		MP:0001924		Porcn<Gt(CSD256)Byg>	50225085	HGNC:17652	PORCN	
MGI:1926321	Postn		Postn		MP:0001923		Postn<tm1Sjc>	50220494	HGNC:16953	POSTN	
MGI:1920086	Pot1b		Pot1b		MP:0001922		Pot1b<tm1.1Schg>	50232552	HGNC:17284	POT1	
MGI:97588	Pou1f1		Pou1f1		MP:0001924		Pou1f1<dw>	50225047	HGNC:9210	POU1F1	
MGI:1922757	Pou5f2		Pou5f2		MP:0001922		Pou5f2<tm1Rsd>	50218199	HGNC:26367	POU5F2	
MGI:3525053	Ppp1r13l		Ppp1r13l		MP:0001922		Ppp1r13l<wa3-J>	50229850	HGNC:18838	PPP1R13L	
MGI:2384854	Prdm9		Prdm9		MP:0001923		Prdm9<em2Kpgn>	50230891	HGNC:9351	PRDM7	
MGI:2384854	Prdm9		Prdm9		MP:0001923		Prdm9<em2Kpgn>	50230891	HGNC:13994	PRDM9	
MGI:2145955	Prkaa1		Prkaa1		MP:0001923		Prkaa1<tm1Sbj>	50217367	HGNC:9376	PRKAA1	
MGI:104878	Prkar1a		Prkar1a		MP:0001922,MP:0001924		Prkar1a<tm1.1Lsk>|Prkar1a<+>|Prkar1a<tm1Gsm>|Prkar1a<+>	50223454	HGNC:9388	PRKAR1A	
MGI:97599	Prkce		Prkce		MP:0001923		Prkce<tm1Bsca>	50222168	HGNC:9401	PRKCE	
MGI:108174	Prkg1		Prkg1		MP:0001922		Prkg1<tm1Hfm>	50223945	HGNC:9414	PRKG1	
MGI:1344375	Prkra		Prkra		MP:0001924		Prkra<lear-3J>	50223819	HGNC:9438	PRKRA	
MGI:97763	Prlr		Prlr		MP:0001922		Prlr<tm1Cnp>	50226520	HGNC:9446	PRLR	
MGI:97765	Prm1		Prm1		MP:0001924		Prm1<+>|Prm1<tm1Eddy>	50236295	HGNC:9447	PRM1	
MGI:97766	Prm2		Prm2		MP:0001924		Prm2<tm1Eddy>|Prm2<+>	50236296	HGNC:9448	PRM2	
MGI:2447303	Prss50		Prss50		MP:0001922		Prss50<em1Cajj>	50232820	HGNC:17910	PRSS50	
MGI:1918243	Prss54		Prss54		MP:0001922		Prss54<tm1Zgwg>	50236336	HGNC:26336	PRSS54	
MGI:1918287	Prss55		Prss55		MP:0001922		Prss55<em1Huizh>|Prss55<em1Osb>	50236337	HGNC:30824	PRSS55	
MGI:2142116	Psip1		Psip1		MP:0001922		Psip1<Gt(betageo)1Hgs>	50221367	HGNC:9527	PSIP1	
MGI:1098610	Psmc3ip		Psmc3ip		MP:0001924		Psmc3ip<tm1Rdco>	50231253	HGNC:17928	PSMC3IP	
MGI:2143994	Psme4		Psme4		MP:0001922		Psme4<tm1Slek>|Psme4<tm1Tchi>	50226725	HGNC:20635	PSME4	
MGI:105373	Ptch1		Ptch1		MP:0001924		Ptch1<tm2Mps>	50217750	HGNC:9585	PTCH1	
MGI:97794	Ptger2		Ptger2		MP:0001923		Ptger2<tm1Brey>|Ptger2<tm1Sna>|Ptger2<tm2Bhk>	50220144	HGNC:9594	PTGER2	
MGI:97798	Ptgs2		Ptgs2		MP:0001923		Ptgs2<tm1.1Fun>|Ptgs2<tm1Jed>	50219120	HGNC:9605	PTGS2	
MGI:2152297	Pth2		Pth2		MP:0001924		Pth2<tm1Vlcg>	50228211	HGNC:30828	PTH2	
MGI:1277117	Ptp4a2		Ptp4a2		MP:0001922		Ptp4a2<Gt(AQ0673)Wtsi>	50221181	HGNC:9635	PTP4A2	
MGI:104574	Ptprj		Ptprj		MP:0001924		Ptprj<tm1.2Weis>	50219415	HGNC:9673	PTPRJ	
MGI:1353578	Pttg1		Pttg1		MP:0001923		Pttg1<tm1Sme>	50226391	HGNC:9690	PTTG1	
MGI:1353578	Pttg1		Pttg1		MP:0001923		Pttg1<tm1Sme>	50226391	HGNC:9691	PTTG2	
MGI:1353578	Pttg1		Pttg1		MP:0001923		Pttg1<tm1Sme>	50226391	HGNC:13422	PTTG3P	
MGI:104641	Ptx3		Ptx3		MP:0001923		Ptx3<tm1Mant>|Ptx3<tm1Zuk>	50220654	HGNC:9692	PTX3	
MGI:1931749	Pum1		Pum1		MP:0001922		Pum1<tm1.2Hfl>	50221116	HGNC:14957	PUM1	
MGI:97837	Qki		Qki		MP:0001922		Qki<qk-v>	50218307	HGNC:21100	QKI	
MGI:1890476	Rad18		Rad18		MP:0001922		Rad18<tm1Stat>	50230647	HGNC:18278	RAD18	
MGI:108016	Rad21		Rad21		MP:0001922		Rad21<tm1.1Kktk>	50225231	HGNC:9811	RAD21	
MGI:3652039	Rad21l		Rad21l		MP:0001923		Rad21l<tm1Amp>	50230227	HGNC:16271	RAD21L1	
MGI:105128	Rad23b		Rad23b		MP:0001923		Rad23b<tm1Gvh>	50222956	HGNC:9813	RAD23B	
MGI:109292	Rad50		Rad50		MP:0001923		Rad50<+>|Rad50<tm4.1Jpt>	50223395	HGNC:9816	RAD50	
MGI:2150020	Rad51c		Rad51c		MP:0001924		Rad51c<tm1.1Sks>|Rad51c<tm1Sks>	50220629	HGNC:9820	RAD51C	
MGI:2384761	Rapgef6		Rapgef6		MP:0001922		Rapgef6<tm1.1Tkat>	50228589	HGNC:20655	RAPGEF6	
MGI:97858	Rarg		Rarg		MP:0001922		Rarg<tm1Blt>	50220211	HGNC:9866	RARG	
MGI:3645057	Rbm46		Rbm46		MP:0001924		Rbm46<em1Rpc>	50221724	HGNC:28401	RBM46	
MGI:1929645	Rec8		Rec8		MP:0001924		Rec8<mei8>	50230017	HGNC:16879	REC8	
MGI:103022	Reln		Reln		MP:0001923,MP:0001924		Reln<rl>	50231691	HGNC:9957	RELN	
MGI:2384584	Rfwd3		Rfwd3		MP:0001922,MP:0001923		Rfwd3<tm1.1Dtch>	50232675	HGNC:25539	RFWD3	
MGI:1888517	Rhcg		Rhcg		MP:0001922		Rhcg<tm1Ibmm>	50219960	HGNC:18140	RHCG	
MGI:108053	Rit1		Rit1		MP:0001923		Rit1<+>|Rit1<tm1.1Tumg>	50226709	HGNC:10023	RIT1	
MGI:97931	Rln1		Rln1		MP:0001922		Rln1<tm1Wint>	50236459	HGNC:10026	RLN1	
MGI:97931	Rln1		Rln1		MP:0001922		Rln1<tm1Wint>	50236459	HGNC:10027	RLN2	
MGI:1934919	Rnf111		Rnf111		MP:0001923		Rnf111<+>|Rnf111<em1Fzh>|Rnf111<+>|Rnf111<em2Fzh>	50231640	HGNC:17384	RNF111	
MGI:2677436	Rnf133		Rnf133		MP:0001922		Rnf133<em1Zuk>	50225313	HGNC:21154	RNF133	
MGI:1929211	Rnf138		Rnf138		MP:0001922		Rnf138<tm1.1Lwan>	50236484	HGNC:17765	RNF138	
MGI:1917488	Rnf168		Rnf168		MP:0001922		Rnf168<Gt(156B6)Cmhd>|Rnf168<Gt(405F11)Cmhd>	50221871	HGNC:26661	RNF168	
MGI:1929069	Rnf8		Rnf8		MP:0001922		Rnf8<Gt(AS0574)Wtsi>	50221516	HGNC:10071	RNF8	
MGI:1923628	Ropn1		Ropn1		MP:0001922		Ropn1<Gt(OST21705)Lex>	50236502	HGNC:17692	ROPN1	
MGI:1923628	Ropn1		Ropn1		MP:0001922		Ropn1<Gt(OST21705)Lex>	50236502	HGNC:31927	ROPN1B	
MGI:1347521	Ror2		Ror2		MP:0001922		Ror2<tm1Anec>	50231989	HGNC:10257	ROR2	
MGI:104661	Rora		Rora		MP:0001923		Rora<sg>	50222559	HGNC:10258	RORA	
MGI:1915422	Rpl39l		Rpl39l		MP:0001922		Rpl39l<em1Hqi>	50220684	HGNC:17094	RPL39L	
MGI:1913731	Rps21		Rps21		MP:0001922		Rps21<em1Utr>|Rps21<+>	50230794	HGNC:10409	RPS21	
MGI:104557	Rps6ka3		Rps6ka3		MP:0001924		Rps6ka3<tm1Ljg>	50230278	HGNC:10432	RPS6KA3	
MGI:2183426	Rspo1		Rspo1		MP:0001923		Rspo1<tm1.1Ktom>	50218102	HGNC:21679	RSPO1	
MGI:1922667	Rspo2		Rspo2		MP:0001923		Rspo2<+>|Rspo2<tm1Nuv>|Rspo2<ftls>|Rspo2<+>	50225955	HGNC:28583	RSPO2	
MGI:2685450	Rtp1		Rtp1		MP:0001924		Rtp1<tm1.1Hmat>	50232314	HGNC:28580	RTP1	
MGI:2685451	Rtp2		Rtp2		MP:0001924		Rtp2<tm1Hmat>	50230621	HGNC:32486	RTP2	
MGI:2682211	Rxfp1		Rxfp1		MP:0001922,MP:0001923		Rxfp1<tm1Jgo>	50232523	HGNC:19718	RXFP1	
MGI:2146974	Safb		Safb		MP:0001923		Safb<tm1So>	50228775	HGNC:10520	SAFB	
MGI:98233	Sat1		Sat1		MP:0001923		Sat1<tm1Alh>	50225380	HGNC:10540	SAT1	
MGI:2443716	Scai		Scai		MP:0001922,MP:0001923		Scai<tm1b(EUCOMM)Hmgu>	50226086	HGNC:26709	SCAI	
MGI:1925976	Scaper		Scaper		MP:0001923		Scaper<tm1a(EUCOMM)Hmgu>	50231665	HGNC:13081	SCAPER	
MGI:1918395	Scara5		Scara5		MP:0001922		Scara5<tm1Ktry>	50226210	HGNC:28701	SCARA5	
MGI:98239|MGI:98240	Scd1|Scd2		Scd1|Scd2		MP:0001923		Scd1<ab>|Scd2<swty>	50225542|50225545	HGNC:10571	SCD	
MGI:2450915	Sec23ip		Sec23ip		MP:0001922		Sec23ip<tm1.1Katn>	50220396	HGNC:17018	SEC23IP	
MGI:894288	Selenop		Selenop		MP:0001922		Selenop<tm1Rfb>|Selenop<tm2Rfb>	50218499	HGNC:10751	SELENOP	
MGI:1858275	Semg1		Semg1		MP:0001922		Semg1<tm1Kemi>|Semg1<tm2Kemi>	50236588	HGNC:10742	SEMG1	
MGI:1858275	Semg1		Semg1		MP:0001922		Semg1<tm1Kemi>|Semg1<tm2Kemi>	50236588	HGNC:10743	SEMG2	
MGI:101780	Serpine2		Serpine2		MP:0001922		Serpine2<tm1Dmn>	50230681	HGNC:8951	SERPINE2	
MGI:2443480	Setx		Setx		MP:0001923		Setx<tm1.1Mfl>	50229245	HGNC:445	SETX	
MGI:892010	Sfrp4		Sfrp4		MP:0001923		Sfrp4<tm1.1Blan>	50236609	HGNC:10778	SFRP4	
MGI:2444110	Sgms1		Sgms1		MP:0001922		Sgms1<Gt(E201D11)Wrst>	50225615	HGNC:29799	SGMS1	
MGI:1201407	Sh2b1		Sh2b1		MP:0001922,MP:0001923		Sh2b1<tm1Ayos>	50230287	HGNC:30417	SH2B1	
MGI:2442062	Sh3pxd2b		Sh3pxd2b		MP:0001924		Sh3pxd2b<nee>|Sh3pxd2b<tm1.1Arte>	50223879	HGNC:29242	SH3PXD2B	
MGI:1913331	Sharpin		Sharpin		MP:0001922		Sharpin<cpdm>	50227886	HGNC:25321	SHARPIN	
MGI:1919086	Shcbp1l		Shcbp1l		MP:0001922		Shcbp1l<tm1a(KOMP)Wtsi>	50236624	HGNC:16788	SHCBP1L	
MGI:108064	Siah1a		Siah1a		MP:0001923		Siah1a<tm1Ddlb>	50223041	HGNC:10857	SIAH1	
MGI:2135607	Sirt1		Sirt1		MP:0001922,MP:0001923		Sirt1<tm1Mcby>|Sirt1<tm3.1Mcby>	50223760	HGNC:14929	SIRT1	
MGI:1354161	Sirt6		Sirt6		MP:0001923		Sirt6<tm2.1Cxd>|Sirt6<tm2.2Cxd>	50231250	HGNC:14934	SIRT6	
MGI:1341840	Six6		Six6		MP:0001922,MP:0001923		Six6<tm1Rsd>	50227296	HGNC:10892	SIX6	
MGI:1345279	Slc11a2		Slc11a2		MP:0001923		Slc11a2<mk>	50218363	HGNC:10908	SLC11A2	
MGI:101924	Slc12a2		Slc12a2		MP:0001923		Slc12a2<tm1Bhk>|Slc12a2<tm2Bhk>	50224206	HGNC:10911	SLC12A2	
MGI:2135960	Slc12a6		Slc12a6		MP:0001924		Slc12a6<tm1.1Garo>|Slc12a6<tm1Dlp>	50225692	HGNC:10914	SLC12A6	
MGI:1859937	Slc13a1		Slc13a1		MP:0001923		Slc13a1<tm1Mark>	50225391	HGNC:10916	SLC13A1	
MGI:2685974	Slc22a14		Slc22a14		MP:0001922		Slc22a14<em1Fjw>	50224867	HGNC:8495	SLC22A14	
MGI:2180509	Slc25a28		Slc25a28		MP:0001922		Slc25a28<tm1.2Dwrd>	50224389	HGNC:23472	SLC25A28	
MGI:1345281	Slc30a1		Slc30a1		MP:0001923		Slc30a1<+>|Slc30a1<tm1Gka>	50227967	HGNC:11012	SLC30A1	
MGI:2443301	Slc35c1		Slc35c1		MP:0001922,MP:0001923		Slc35c1<tm1Cknr>	50221163	HGNC:20197	SLC35C1	
MGI:2153040	Slc45a2		Slc45a2		MP:0001924		Slc45a2<uw-bls>	50217290	HGNC:16472	SLC45A2	
MGI:98488	Slc6a6		Slc6a6		MP:0001923		Slc6a6<tm1Dhau>	50221335	HGNC:11052	SLC6A6	
MGI:1337120	Slc7a7		Slc7a7		MP:0001923		Slc7a7<Gt(OST41878)Lex>	50228393	HGNC:11065	SLC7A7	
MGI:1916394	Slirp		Slirp		MP:0001922		Slirp<tm1.2Pjle>	50225421	HGNC:20495	SLIRP	
MGI:106299	Slx4		Slx4		MP:0001922,MP:0001923		Slx4<tm1a(EUCOMM)Wtsi>	50217816	HGNC:23845	SLX4	
MGI:1201674	Smad3		Smad3		MP:0001923		Smad3<tm1Cxd>	50224284	HGNC:6769	SMAD3	
MGI:99603	Smarca2		Smarca2		MP:0001924		Smarca2<tm1Mya>	50228622	HGNC:11098	SMARCA2	
MGI:95453	Smarcad1		Smarcad1		MP:0001922,MP:0001923		Smarcad1<tm1Gos>	50227635	HGNC:18398	SMARCAD1	
MGI:2154049	Smc1b		Smc1b		MP:0001924		Smc1b<tm1Jess>	50231520	HGNC:11112	SMC1B	
MGI:109490	Sms		Sms		MP:0001922		Sms<tm1a(EUCOMM)Wtsi>	50231236	HGNC:11123	SMS	
MGI:1354727	Smtn		Smtn		MP:0001924		Smtn<tm1Gve>	50226196	HGNC:11126	SMTN	
MGI:1096393	Snai2		Snai2		MP:0001922		Snai2<tm2Grid>	50218155	HGNC:11094	SNAI2	
MGI:98331	Snap25		Snap25		MP:0001924		Snap25<tm2Mcw>	50220205	HGNC:11132	SNAP25	
MGI:98351	Sod1		Sod1		MP:0001923		Sod1<tm1Leb>|Sod1<tm1Ysh>	50219269	HGNC:11179	SOD1	
MGI:107543	Sox17		Sox17		MP:0001923		Sox17<+>|Sox17<SHIVA>	50232933	HGNC:18122	SOX17	
MGI:98364	Sox2		Sox2		MP:0001922		Sox2<tm1Rlb>|Sox2<+>	50218222	HGNC:11195	SOX2	
MGI:98365	Sox3		Sox3		MP:0001923		Sox3<tm1.1Lja>	50223026	HGNC:11199	SOX3	
MGI:98370	Sox8		Sox8		MP:0001922		Sox8<tm1Mkob>	50228006	HGNC:11203	SOX8	
MGI:107595	Sp4		Sp4		MP:0001923		Sp4<tm1Sus>	50231723	HGNC:11209	SP4	
MGI:1916613	Spaca4		Spaca4		MP:0001922		Spaca4<em2Pauli>|Spaca4<em1Pauli>	50236786	HGNC:16441	SPACA4	
MGI:1354388	Spag6l		Spag6l		MP:0001923		Spag6l<tm1Jfs>	50231269	HGNC:11215	SPAG6	
MGI:1918084	Spag9		Spag9		MP:0001922		Spag9<tm1Ysok>	50228008	HGNC:14524	SPAG9	
MGI:1858896	Spast		Spast		MP:0001924		Spast<tm1.1Jme>	50228019	HGNC:11233	SPAST	
MGI:2146885	Spata2		Spata2		MP:0001922		Spata2<em1Jliu>	50230418	HGNC:14681	SPATA2	
MGI:2685728	Spata22		Spata22		MP:0001924		Spata22<tm1a(KOMP)Wtsi>|Spata22<tm1a(KOMP)Wtsi>|Spata22<repro42>	50236795	HGNC:30705	SPATA22	
MGI:2444920	Spata33		Spata33		MP:0001922		Spata33<em1Osb>	50236813	HGNC:26463	SPATA33	
MGI:1924175	Spata46		Spata46		MP:0001922		Spata46<tm1Itl>	50236814	HGNC:27648	SPATA46	
MGI:1923823	Spatc1l		Spatc1l		MP:0001922		Spatc1l<+>|Spatc1l<em1Choc>	50236817	HGNC:1298	SPATC1L	
MGI:1918141	Spdya		Spdya		MP:0001924		Spdya<tm1.1Klad>	50229444	HGNC:30613	SPDYA	
MGI:1917232	Spink2		Spink2		MP:0001922		Spink2<Gt(327A6)Cmhd>	50227212	HGNC:11245	SPINK2	
MGI:98385	Spta1		Spta1		MP:0001923,MP:0001924		Spta1<ihj>|Spta1<sph-ha>|Spta1<sph>	50236871	HGNC:11272	SPTA1	
MGI:98387	Sptb		Sptb		MP:0001924		Sptb<ja>	50217815	HGNC:11274	SPTB	
MGI:2444061	Ss18l1		Ss18l1		MP:0001924		Ss18l1<tm1Ghsh>	50236879	HGNC:15592	SS18L1	
MGI:98241	Stmn2		Stmn2		MP:0001924		Stmn2<em1Jmi>	50225552	HGNC:10577	STMN2	
MGI:1919399	Strada		Strada		MP:0001923		Strada<+>|Strada<em1Pbcr>	50222274	HGNC:30172	STRADA	
MGI:104626	Strbp		Strbp		MP:0001922		Strbp<Gt(pGT1.8geo)8Pgr>	50225416	HGNC:16462	STRBP	
MGI:1919293	Sulf2		Sulf2		MP:0001922,MP:0001923		Sulf2<Gt(XST155)Byg>	50227841	HGNC:20392	SULF2	
MGI:98431	Sult1e1		Sult1e1		MP:0001923		Sult1e1<tm1Song>	50221125	HGNC:11377	SULT1E1	
MGI:1921325	Syce1		Syce1		MP:0001924		Syce1<em1Rrca>	50232633	HGNC:28852	SYCE1	
MGI:1933281	Sycp2		Sycp2		MP:0001923		Sycp2<tm1Jw>	50224026	HGNC:11490	SYCP2	
MGI:2685114	Sycp2l		Sycp2l		MP:0001923		Sycp2l<tm1Jw>	50232795	HGNC:21537	SYCP2L	
MGI:109542|MGI:2685619	Gm773|Sycp3		Gm773|Sycp3		MP:0001922,MP:0001923		Gm773<em1Smtb>|Sycp3<tm1Hoog>	50228091|50228117	HGNC:18130	SYCP3	
MGI:108081	Sypl1		Sypl1		MP:0001922		Sypl1<tm1b(KOMP)Wtsi>	50221306	HGNC:11507	SYPL1	
MGI:99666	Syt2		Syt2		MP:0001924		Syt2<m1Ingm>	50226413	HGNC:11510	SYT2	
MGI:98476	Tac2		Tac2		MP:0001923		Tac2<tm1Tigm>	50224664	HGNC:11521	TAC3	
MGI:892968	Tacr3		Tacr3		MP:0001923		Tacr3<tm1Jasi>	50226338	HGNC:11528	TACR3	
MGI:1921719	Taf7l		Taf7l		MP:0001922		Taf7l<tm1.1Jw>	50218952	HGNC:11548	TAF7L	
MGI:1274789	Taldo1		Taldo1		MP:0001922		Taldo1<tm1Perl>|Taldo1<+>	50228964	HGNC:11559	TALDO1	
MGI:98495	Tbx3		Tbx3		MP:0001922,MP:0001923		Tbx3<+>|Tbx3<tm1.1Moon>	50228166	HGNC:11602	TBX3	
MGI:102539	Tbx6		Tbx6		MP:0001923		Tbx6<rv>	50218131	HGNC:11605	TBX6	
MGI:98472	T		T		MP:0001922		T<31H>|T<+>|T<33H>|T<+>|T<36H>|T<+>	50217783	HGNC:11515	TBXT	
MGI:1934960	Tcf23		Tcf23		MP:0001923		Tcf23<em1Hoi>	50224546	HGNC:18602	TCF23	
MGI:2672878	Tcfl5		Tcfl5		MP:0001922		Tcfl5<tm1.1Frem>|Tcfl5<+>	50236991	HGNC:11646	TCFL5	
MGI:1097166	Tcl1		Tcl1		MP:0001923		Tcl1<tm1Rso>	50236994	HGNC:11648	TCL1A	
MGI:1919090	Tekt4		Tekt4		MP:0001922		Tekt4<tm1Zuk>	50230391	HGNC:31012	TEKT4	
MGI:2670964	Tent5a		Tent5a		MP:0001922		Tent5a<em1Adki>	50220587	HGNC:18345	TENT5A	
MGI:2140500	Tent5b		Tent5b		MP:0001923		Tent5b<em3Adki>|Tent5b<+>	50218652	HGNC:28273	TENT5B	
MGI:1916699	Teshl		Teshl		MP:0001922		Teshl<em1Choc>	50237018	HGNC:52740	TESHL	
MGI:1920929	Tex19.1		Tex19.1		MP:0001922,MP:0001923		Tex19.1<tm1.2Ics>|Tex19.1<tm1Hjc>	50237029	HGNC:33802	TEX19	
MGI:1919113	Tex44		Tex44		MP:0001922		Tex44<em1Sbbx>	50237036	HGNC:28563	TEX44	
MGI:98725	Tgfb1		Tgfb1		MP:0001924		Tgfb1<tm1(Tgfb3)Kul>	50217284	HGNC:11766	TGFB1	
MGI:1194497	Tgif1		Tgif1		MP:0001923		Tgif1<tm1.1Caw>	50220327	HGNC:11776	TGIF1	
MGI:98742	Thra		Thra		MP:0001922,MP:0001923		Thra<tm1Syc>|Thra<+>|Thra<tm2Ven>	50218864	HGNC:11796	THRA	
MGI:104735	Gt(ROSA)26Sor		Gt(ROSA)26Sor		MP:0001923		Gt(ROSA)26Sor<tm2(CAG-Dsred2/EGFP)Luo>	50237067	HGNC:44478	THUMPD3-AS1	
MGI:98752	Timp1		Timp1		MP:0001923		Timp1<tm1Pds>	50237075	HGNC:11820	TIMP1	
MGI:2137617	Tinagl1		Tinagl1		MP:0001923		Tinagl1<tm1.1Maru>	50224160	HGNC:19168	TINAGL1	
MGI:2159210	Tiparp		Tiparp		MP:0001923		Tiparp<Gt(ROSA)79Sor>	50237078	HGNC:23696	TIPARP	
MGI:2685210	Tm9sf5		Tm9sf5		MP:0001923		Tm9sf5<em1Dzha>	50220963	HGNC:55623	TM9SF5P	
MGI:1921173	Tmco1		Tmco1		MP:0001923		Tmco1<tm1Tsta>	50225425	HGNC:18188	TMCO1	
MGI:2443597	Tmem203		Tmem203		MP:0001923		Tmem203<tm1.1Roml>	50220873	HGNC:28217	TMEM203	
MGI:3779488	Tmem95		Tmem95		MP:0001922		Tmem95<em1Nino>	50237152	HGNC:27898	TMEM95	
MGI:1919003	Tmprss6		Tmprss6		MP:0001923		Tmprss6<m3Btlr>	50237161	HGNC:16517	TMPRSS6	
MGI:1196377	Tnfaip3		Tnfaip3		MP:0001923		Tnfaip3<m1Apb>	50217096	HGNC:11896	TNFAIP3	
MGI:98784	Tnp1		Tnp1		MP:0001922		Tnp1<tm1Mlm>	50237178	HGNC:11951	TNP1	
MGI:2443730	Tnrc6b		Tnrc6b		MP:0001924		Tnrc6b<Gt(IST12075C8)Tigm>	50220296	HGNC:29190	TNRC6B	
MGI:104552	Tns1		Tns1		MP:0001923		Tns1<tm1Efu>	50220347	HGNC:11973	TNS1	
MGI:1333803	Top3b		Top3b		MP:0001923		Top3b<tm1Jcw>	50225924	HGNC:11993	TOP3B	
MGI:2684923	Tppp2		Tppp2		MP:0001922		Tppp2<em1Nju>	50228270	HGNC:19293	TPPP2	
MGI:1298231	Tpst1		Tpst1		MP:0001923		Tpst1<tm1Klm>	50222150	HGNC:12020	TPST1	
MGI:1923760	Trappc9		Trappc9		MP:0001923		Trappc9<em1Xyli>	50237209	HGNC:30832	TRAPPC9	
MGI:2153072	Trim37		Trim37		MP:0001924		Trim37<Gt(RRO307)Byg>	50221309	HGNC:7523	TRIM37	
MGI:1916966	Trip13		Trip13		MP:0001924		Trip13<Gt(CH0621)Wtsi>|Trip13<Gt(RRB047)Byg>	50223343	HGNC:12307	TRIP13	
MGI:109524	Trpc5		Trpc5		MP:0001923		Trpc5<tm1.1Clph>|Trpc5<tm1.2Mfre>	50227834	HGNC:12337	TRPC5	
MGI:1927259	Ephb6/Trpv6		Trpv6		MP:0001922		Ephb6/Trpv6<tm1.1Mfre>	50220039	HGNC:14006	TRPV6	
MGI:98849	Tshr		Tshr		MP:0001922,MP:0001923		Tshr<hyt-3J>	50224310	HGNC:12373	TSHR	
MGI:109263	Tsn		Tsn		MP:0001923		Tsn<Gt(OST63223)Lex>	50223051	HGNC:12379	TSN	
MGI:1919486	Tsnaxip1		Tsnaxip1		MP:0001922		Tsnaxip1<em1Osb>	50228949	HGNC:18586	TSNAXIP1	
MGI:2442458	Tspyl5		Tspyl5		MP:0001922		Tspyl5<em1Yuya>	50228663	HGNC:29367	TSPYL5	
MGI:1918349	Tssk4		Tssk4		MP:0001922		Tssk4<tm1.1Lgyu>	50237366	HGNC:19825	TSSK4	
MGI:1920551	Ttc29		Ttc29		MP:0001922		Ttc29<em1Fzh>	50226501	HGNC:29936	TTC29	
MGI:2684915	Ttc6		Ttc6		MP:0001922		Ttc6<em1Cya>	50232345	HGNC:19739	TTC6	
MGI:2443657	Ttll5		Ttll5		MP:0001922		Ttll5<tm1.1N>	50225732	HGNC:19963	TTLL5	
MGI:2386711	Txnrd3		Txnrd3		MP:0001922		Txnrd3<tm1Vgla>	50218494	HGNC:20667	TXNRD3	
MGI:98881	Tyrp1		Tyrp1		MP:0001922,MP:0001923		Tyrp1<b-1FCHLc>|Tyrp1<b>|Tyrp1<b-3CHLe>	50222888	HGNC:12450	TYRP1	
MGI:1921633	Ubap2l		Ubap2l		MP:0001923		Ubap2l<TgTn(sb-cHS4,Tyr)2326F-3b2Ove>	50225516	HGNC:29877	UBAP2L	
MGI:1914049	Ube2w		Ube2w		MP:0001922		Ube2w<tm1d(EUCOMM)Wtsi>	50222389	HGNC:25616	UBE2W	
MGI:105098	Ube3a		Ube3a		MP:0001922,MP:0001923		Ube3a<tm1Alb>	50223599	HGNC:12496	UBE3A	
MGI:1861099	Ubr2		Ubr2		MP:0001923		Ubr2<tm1Ytkw>	50226429	HGNC:21289	UBR2	
MGI:98911	Upk1a		Upk1a		MP:0001922		Upk1a<em2Mgef>	50220709	HGNC:12577	UPK1A	
MGI:99961	Usf2		Usf2		MP:0001922		Usf2<tm1Msw>	50237407	HGNC:12594	USF2	
MGI:2385198	Usp1		Usp1		MP:0001923		Usp1<tm1.1Ada>	50228779	HGNC:12607	USP1	
MGI:1918722	Usp19		Usp19		MP:0001922		Usp19<Gt(XG128)Byg>	50227496	HGNC:12617	USP19	
MGI:1858178	Usp2		Usp2		MP:0001922		Usp2<tm1.1Ssw>	50231343	HGNC:12618	USP2	
MGI:1933247	Usp26		Usp26		MP:0001922		Usp26<tm1Smoc>	50237414	HGNC:13485	USP26	
MGI:2177651	Vasn		Vasn		MP:0001922		Vasn<tm1Zgl>	50223030	HGNC:18517	VASN	
MGI:103076	Vdr		Vdr		MP:0001922,MP:0001923		Vdr<tm1Ska>	50222561	HGNC:12679	VDR	
MGI:1343180	Vgf		Vgf		MP:0001922,MP:0001923		Vgf<tm1Srjs>	50222133	HGNC:12684	VGF	
MGI:107166	Vipr2		Vipr2		MP:0001922		Vipr2<tm1Hmh>	50224918	HGNC:12695	VIPR2	
MGI:2178798	Vps54		Vps54		MP:0001924		Vps54<wr>	50230615	HGNC:18652	VPS54	
MGI:1920230	Wdr11		Wdr11		MP:0001922		Wdr11<Gt(Ayu21-KBW205)Imeg>	50226401	HGNC:13831	WDR11	
MGI:1914811	Wdr48		Wdr48		MP:0001922,MP:0001923		Wdr48<Gt(CSD197)Byg>|Wdr48<+>	50222307	HGNC:30914	WDR48	
MGI:3027899	Wee2		Wee2		MP:0001923		Wee2<em2Osb>	50223291	HGNC:19684	WEE2	
MGI:1328355	Wfs1		Wfs1		MP:0001922		Wfs1<tm1Koks>	50223796	HGNC:12762	WFS1	
MGI:3044681	Wipf3		Wipf3		MP:0001922		Wipf3<tm1Tta>	50225419	HGNC:22004	WIPF3	
MGI:98956	Wnt3a		Wnt3a		MP:0001923		Wnt3a<vt>	50228553	HGNC:15983	WNT3A	
MGI:98961	Wnt7a		Wnt7a		MP:0001924		Wnt7a<m1Btlr>	50228555	HGNC:12786	WNT7A	
MGI:98968	Wt1		Wt1		MP:0001923		Wt1<tm1Vih>|Wt1<+>	50226036	HGNC:12796	WT1	
MGI:1931237	Wwox		Wwox		MP:0001922		Wwox<Gt(XG218)Byg>	50230686	HGNC:12799	WWOX	
MGI:1917649	Wwtr1		Wwtr1		MP:0001923		Wwtr1<tm1Benj>	50228163	HGNC:24042	WWTR1	
MGI:99135	Xpa		Xpa		MP:0001922		Xpa<tm1Tnka>	50230841	HGNC:12814	XPA	
MGI:2444233	Ythdf2		Ythdf2		MP:0001922		Ythdf2<em2Jhha>	50229307	HGNC:31675	YTHDF2	
MGI:103222	Zbtb16		Zbtb16		MP:0001922		Zbtb16<pnky>	50225073	HGNC:12930	ZBTB16	
MGI:102755	Zbtb7b		Zbtb7b		MP:0001923		Zbtb7b<hd>	50228205	HGNC:18668	ZBTB7B	
MGI:1916023	Zc3hc1		Zc3hc1		MP:0001923		Zc3hc1<tm1.2Jduy>	50230245	HGNC:29913	ZC3HC1	
MGI:1917900	Zcchc8		Zcchc8		MP:0001924		Zcchc8<em1Sgao>	50225796	HGNC:25265	ZCCHC8	
MGI:1344313	Zeb1		Zeb1		MP:0001922,MP:0001924		Zeb1<Tw>|Zeb1<+>	50224089	HGNC:11642	ZEB1	
MGI:99211	Zfx		Zfx		MP:0001923		Zfx<tm1Dcp>	50228864	HGNC:12869	ZFX	
MGI:3696042	Zglp1		Zglp1		MP:0001924		Zglp1<tm1Eem>	50230155	HGNC:37245	ZGLP1	
MGI:1927231	Zmym3		Zmym3		MP:0001922		Zmym3<em1Hncs>	50237559	HGNC:13054	ZMYM3	
MGI:1277969	Zfp143		Zfp143		MP:0001924		Zfp143<Gt(U3Betageo)1Ruiz>	50223863	HGNC:12928	ZNF143	
MGI:1889348	Zfp318		Zfp318		MP:0001922		Zfp318<m1Anu>	50231656	HGNC:13578	ZNF318	
MGI:1277119	Zfp105		Zfp105		MP:0001922		Zfp105<Gt(TEA059)Byg>	50237625	HGNC:13099	ZNF35	
MGI:103073	Zp1		Zp1		MP:0001923		Zp1<tm1Dean>	50222272	HGNC:13187	ZP1	
MGI:1916626	Zpbp2		Zpbp2		MP:0001922		Zpbp2<tm1Zuk>	50237733	HGNC:20678	ZPBP2	
MGI:3040700	Zscan10		Zscan10		MP:0001923		Zscan10<Gt(285B6)1.1Cmhd>	50231901	HGNC:12997	ZSCAN10	
MGI:891990	Gykl1		Gykl1		MP:0001922		Gykl1<em#Juhu>|Gykl1<+>	50232218			
MGI:1351649	Prl3c1		Prl3c1		MP:0001923		Prl3c1<tm1(KOMP)Vlcg>	50238574			
MGI:1925378	Spag11a		Spag11a		MP:0001922		Spag11a<em2Mgef>	50238656			
MGI:108118	Tsx		Tsx		MP:0001923		Tsx<tm1.2Jtl>	50238770			
